[3gH    H    H    H    H    H    H    H    H    H    H    H    H    H    H    H    H    H    H    H    H    H    H    H    H    H    H    H    H    H    H    H    H    H    H    H    H    H    H[INFO] Using python from: /home/mte/miniconda3/envs/isaaclab/bin/python
Warp CUDA error: Failed to get driver entry point 'cuDeviceGetUuid' (CUDA error 1)
Warp CUDA error: Function cuDeviceGetUuid_f: a suitable driver entry point was not found
Warp CUDA error 36: API call is not supported in the installed CUDA driver (in function cuda_init, /builds/omniverse/warp/warp/native/warp.cu:277)
[INFO][AppLauncher]: Using device: cuda:0
[INFO][AppLauncher]: Loading experience file: /home/mte/Abdur_Rabbi_Thesis_updated/IsaacLab/apps/isaaclab.python.headless.kit
[INFO]: Parsing configuration from: isaaclab_tasks.manager_based.manipulation.reach.config.franka.joint_pos_env_cfg:FrankaReachEnvCfg
[INFO]: Parsing configuration from: isaaclab_tasks.manager_based.manipulation.reach.config.franka.agents.rsl_rl_ppo_cfg:FrankaReachPPORunnerCfg
[Warning] [simulation_app.simulation_app] Modules: ['omni.kit_app'] were loaded before SimulationApp was started and might not be loaded correctly.
[Warning] [simulation_app.simulation_app] Please check to make sure no extra omniverse or pxr modules are imported before the call to SimulationApp(...)
Loading user config located at: '/home/mte/miniconda3/envs/isaaclab/lib/python3.11/site-packages/omni/data/Kit/Isaac-Sim/5.1/user.config.json'
[Info] [carb] Logging to file: /home/mte/miniconda3/envs/isaaclab/lib/python3.11/site-packages/omni/logs/Kit/Isaac-Sim/5.1/kit_20260727_201057.log
2026-07-27T14:10:57Z [105ms] [Warning] [omni.usd_config.extension] Enable omni.materialx.libs extension to use MaterialX
2026-07-27T14:10:58Z [496ms] [Warning] [omni.isaac.dynamic_control] omni.isaac.dynamic_control is deprecated as of Isaac Sim 4.5. No action is needed from end-users.
2026-07-27T14:11:01Z [4,182ms] [Warning] [gpu.foundation.plugin] Skipping unsupported non-NVIDIA GPU: Intel(R) Graphics (RPL-S)
2026-07-27T14:11:01Z [4,182ms] [Warning] [gpu.foundation.plugin] Skipping unsupported non-NVIDIA GPU: Intel(R) Graphics (RPL-S)

|---------------------------------------------------------------------------------------------|
| Driver Version: 580.173.02    | Graphics API: Vulkan
|=============================================================================================|
| GPU | Name                             | Active | LDA | GPU Memory | Vendor-ID | LUID       |
|     |                                  |        |     |            | Device-ID | UUID       |
|     |                                  |        |     |            | Bus-ID    |            |
|---------------------------------------------------------------------------------------------|
| 0   | NVIDIA GeForce RTX 5090          | Yes: 0 |     | 32853   MB | 10de      | 0          |
|     |                                  |        |     |            | 2b85      | 578d95f1.. |
|     |                                  |        |     |            | 1         |            |
|---------------------------------------------------------------------------------------------|
| 1   | Intel(R) Graphics (RPL-S)        |        |     | 48076   MB | 8086      | 0          |
|     |                                  |        |     |            | a780      | 868080a7.. |
|     |                                  |        |     |            | 0         |            |
|=============================================================================================|
| OS: 22.04.5 LTS (Jammy Jellyfish) ubuntu, Version: 22.04.5, Kernel: 6.8.0-136-generic
| XServer Vendor: The X.Org Foundation, XServer Version: 12101004 (1.21.1.4)
| Processor: Intel(R) Core(TM) i9-14900K
| Bare Metal Cores: 24 | Bare Metal Logical Cores: 48
| Available Cores:  32 
|---------------------------------------------------------------------------------------------|
| Total Memory (MB): 64102 | Free Memory: 52907
| Total Page/Swap (MB): 13741 | Free Page/Swap: 13741
|---------------------------------------------------------------------------------------------|
2026-07-27T14:11:02Z [4,376ms] [Warning] [gpu.foundation.plugin] CPU performance profile is set to powersave. This profile sets the CPU to the lowest frequency reducing performance.
2026-07-27T14:11:02Z [4,378ms] [Warning] [gpu.foundation.plugin] PCIe link width current (8) and maximum (16) for device 0 don't match.
2026-07-27T14:11:02Z [4,378ms] [Warning] [gpu.foundation.plugin] IOMMU is enabled.
2026-07-27T14:11:02Z [4,378ms] [Warning] [gpu.foundation.plugin] Detected IOMMU is enabled. Running CUDA peer-to-peer bandwidth and latency validation.
Unidirectional P2P=Enabled Bandwidth (P2P Writes) Matrix (GB/s)
   D\D     0 
     0 1525.88 
P2P=Enabled Latency (P2P Writes) Matrix (us)
   GPU     0 
     0   2.08 

   CPU     0 
     0   2.42 
2026-07-27T14:11:13Z [15,668ms] [Warning] [omni.physx.fabric.plugin] FabricManager::initializePointInstancer mismatched prototypes on point instancer: /Visuals/Command/body_pose.
2026-07-27T14:11:13Z [15,668ms] [Warning] [omni.physx.fabric.plugin] FabricManager::initializePointInstancer mismatched prototypes on point instancer: /Visuals/Command/goal_pose.
/home/mte/miniconda3/envs/isaaclab/lib/python3.11/site-packages/rsl_rl/utils/utils.py:244: UserWarning: The observation configuration dictionary 'obs_groups' must contain the 'policy' key. As an observation group with the name 'policy' was found, this is assumed to be the observation set. Consider adding the 'policy' key to the 'obs_groups' dictionary for clarity. This behavior will be removed in a future version.
  warnings.warn(
/home/mte/miniconda3/envs/isaaclab/lib/python3.11/site-packages/rsl_rl/utils/utils.py:290: UserWarning: The observation configuration dictionary 'obs_groups' must contain the 'critic' key. As the configuration for 'critic' is missing, the observations from the 'policy' set are used. Consider adding the 'critic' key to the 'obs_groups' dictionary for clarity. This behavior will be removed in a future version.
  warnings.warn(
[INFO] Logging experiment in directory: /home/mte/Abdur_Rabbi_Thesis_updated/IsaacLab/logs/rsl_rl/franka_reach
Exact experiment name requested from command line: 2026-07-27_20-11-02
Setting seed: 42
[INFO]: Base environment:
	Environment device    : cuda:0
	Environment seed      : 42
	Physics step-size     : 0.016666666666666666
	Rendering step-size   : 0.03333333333333333
	Environment step-size : 0.03333333333333333
[INFO]: Time taken for scene creation : 8.635342 seconds
[INFO]: Scene manager:  <class InteractiveScene>
	Number of environments: 4096
	Environment spacing   : 2.5
	Source prim name      : /World/envs/env_0
	Global prim paths     : []
	Replicate physics     : True
[INFO]: Starting the simulation. This may take a few seconds. Please wait...
[INFO]: Time taken for simulation start : 1.130989 seconds
[INFO] Command Manager:  <CommandManager> contains 1 active terms.
+--------------------------------------+
|         Active Command Terms         |
+-------+---------+--------------------+
| Index | Name    |        Type        |
+-------+---------+--------------------+
|   0   | ee_pose | UniformPoseCommand |
+-------+---------+--------------------+

[INFO] Event Manager:  <EventManager> contains 1 active terms.
+-------------------------------------+
| Active Event Terms in Mode: 'reset' |
+---------+---------------------------+
|  Index  | Name                      |
+---------+---------------------------+
|    0    | reset_robot_joints        |
+---------+---------------------------+

[INFO] Recorder Manager:  <RecorderManager> contains 0 active terms.
+---------------------+
| Active Recorder Terms |
+-----------+---------+
|   Index   | Name    |
+-----------+---------+
+-----------+---------+

[INFO] Action Manager:  <ActionManager> contains 1 active terms.
+-----------------------------------+
|   Active Action Terms (shape: 7)  |
+--------+-------------+------------+
| Index  | Name        |  Dimension |
+--------+-------------+------------+
|   0    | arm_action  |          7 |
+--------+-------------+------------+

[INFO] Observation Manager: <ObservationManager> contains 1 groups.
+-------------------------------------------------------+
| Active Observation Terms in Group: 'policy' (shape: (32,)) |
+-------------+---------------------------+-------------+
|    Index    | Name                      |    Shape    |
+-------------+---------------------------+-------------+
|      0      | joint_pos                 |     (9,)    |
|      1      | joint_vel                 |     (9,)    |
|      2      | pose_command              |     (7,)    |
|      3      | actions                   |     (7,)    |
+-------------+---------------------------+-------------+

[INFO] Termination Manager:  <TerminationManager> contains 1 active terms.
+-----------------------------+
|   Active Termination Terms  |
+-------+----------+----------+
| Index | Name     | Time Out |
+-------+----------+----------+
|   0   | time_out |   True   |
+-------+----------+----------+

[INFO] Reward Manager:  <RewardManager> contains 5 active terms.
+---------------------------------------------------------------+
|                      Active Reward Terms                      |
+-------+---------------------------------------------+---------+
| Index | Name                                        |  Weight |
+-------+---------------------------------------------+---------+
|   0   | end_effector_position_tracking              |    -0.2 |
|   1   | end_effector_position_tracking_fine_grained |     0.1 |
|   2   | end_effector_orientation_tracking           |    -0.1 |
|   3   | action_rate                                 | -0.0001 |
|   4   | joint_vel                                   | -0.0001 |
+-------+---------------------------------------------+---------+

[INFO] Curriculum Manager:  <CurriculumManager> contains 2 active terms.
+--------------------------+
| Active Curriculum Terms  |
+---------+----------------+
|  Index  | Name           |
+---------+----------------+
|    0    | action_rate    |
|    1    | joint_vel      |
+---------+----------------+

[INFO]: Completed setting up the environment...
--------------------------------------------------------------------------------
Resolved observation sets: 
	 policy :  ['policy']
	 critic :  ['policy']
--------------------------------------------------------------------------------
Actor MLP: MLP(
  (0): Linear(in_features=32, out_features=64, bias=True)
  (1): ELU(alpha=1.0)
  (2): Linear(in_features=64, out_features=64, bias=True)
  (3): ELU(alpha=1.0)
  (4): Linear(in_features=64, out_features=7, bias=True)
)
Critic MLP: MLP(
  (0): Linear(in_features=32, out_features=64, bias=True)
  (1): ELU(alpha=1.0)
  (2): Linear(in_features=64, out_features=64, bias=True)
  (3): ELU(alpha=1.0)
  (4): Linear(in_features=64, out_features=1, bias=True)
)
################################################################################
                       [1m Learning iteration 0/100 [0m                       

                       Computation: 67077 steps/s (collection: 1.283s, learning 0.183s)
             Mean action noise std: 1.00
          Mean value_function loss: 0.0044
               Mean surrogate loss: -0.0034
                 Mean entropy loss: 9.9318
                       Mean reward: -0.16
               Mean episode length: 19.64
Episode_Reward/end_effector_position_tracking: -0.0020
Episode_Reward/end_effector_position_tracking_fine_grained: 0.0001
Episode_Reward/end_effector_orientation_tracking: -0.0063
        Episode_Reward/action_rate: -0.0001
          Episode_Reward/joint_vel: -0.0001
            Curriculum/action_rate: -0.0001
              Curriculum/joint_vel: -0.0001
    Metrics/ee_pose/position_error: 0.2702
 Metrics/ee_pose/orientation_error: 1.6623
      Episode_Termination/time_out: 0.0316
--------------------------------------------------------------------------------
                   Total timesteps: 98304
                    Iteration time: 1.47s
                      Time elapsed: 00:00:01
                               ETA: 00:02:26

Could not find git repository in /home/mte/miniconda3/envs/isaaclab/lib/python3.11/site-packages/rsl_rl/__init__.py. Skipping.
Storing git diff for 'IsaacLab' in: /home/mte/Abdur_Rabbi_Thesis_updated/IsaacLab/logs/rsl_rl/franka_reach/2026-07-27_20-11-02/git/IsaacLab.diff
################################################################################
                       [1m Learning iteration 1/100 [0m                       

                       Computation: 372107 steps/s (collection: 0.208s, learning 0.056s)
             Mean action noise std: 1.00
          Mean value_function loss: 0.0015
               Mean surrogate loss: -0.0043
                 Mean entropy loss: 9.9200
                       Mean reward: -0.31
               Mean episode length: 43.11
Episode_Reward/end_effector_position_tracking: -0.0056
Episode_Reward/end_effector_position_tracking_fine_grained: 0.0004
Episode_Reward/end_effector_orientation_tracking: -0.0171
        Episode_Reward/action_rate: -0.0001
          Episode_Reward/joint_vel: -0.0003
            Curriculum/action_rate: -0.0001
              Curriculum/joint_vel: -0.0001
    Metrics/ee_pose/position_error: 0.2486
 Metrics/ee_pose/orientation_error: 1.6477
      Episode_Termination/time_out: 0.0902
--------------------------------------------------------------------------------
                   Total timesteps: 196608
                    Iteration time: 0.26s
                      Time elapsed: 00:00:01
                               ETA: 00:01:25

################################################################################
                       [1m Learning iteration 2/100 [0m                       

                       Computation: 394469 steps/s (collection: 0.192s, learning 0.057s)
             Mean action noise std: 0.99
          Mean value_function loss: 0.0012
               Mean surrogate loss: -0.0043
                 Mean entropy loss: 9.8932
                       Mean reward: -0.48
               Mean episode length: 67.97
Episode_Reward/end_effector_position_tracking: -0.0090
Episode_Reward/end_effector_position_tracking_fine_grained: 0.0007
Episode_Reward/end_effector_orientation_tracking: -0.0282
        Episode_Reward/action_rate: -0.0002
          Episode_Reward/joint_vel: -0.0004
            Curriculum/action_rate: -0.0001
              Curriculum/joint_vel: -0.0001
    Metrics/ee_pose/position_error: 0.2464
 Metrics/ee_pose/orientation_error: 1.6385
      Episode_Termination/time_out: 0.1531
--------------------------------------------------------------------------------
                   Total timesteps: 294912
                    Iteration time: 0.25s
                      Time elapsed: 00:00:01
                               ETA: 00:01:04

################################################################################
                       [1m Learning iteration 3/100 [0m                       

                       Computation: 376297 steps/s (collection: 0.203s, learning 0.059s)
             Mean action noise std: 0.99
          Mean value_function loss: 0.0010
               Mean surrogate loss: -0.0053
                 Mean entropy loss: 9.8663
                       Mean reward: -0.65
               Mean episode length: 91.86
Episode_Reward/end_effector_position_tracking: -0.0119
Episode_Reward/end_effector_position_tracking_fine_grained: 0.0011
Episode_Reward/end_effector_orientation_tracking: -0.0384
        Episode_Reward/action_rate: -0.0003
          Episode_Reward/joint_vel: -0.0006
            Curriculum/action_rate: -0.0001
              Curriculum/joint_vel: -0.0001
    Metrics/ee_pose/position_error: 0.2303
 Metrics/ee_pose/orientation_error: 1.5662
      Episode_Termination/time_out: 0.2201
--------------------------------------------------------------------------------
                   Total timesteps: 393216
                    Iteration time: 0.26s
                      Time elapsed: 00:00:02
                               ETA: 00:00:54

################################################################################
                       [1m Learning iteration 4/100 [0m                       

                       Computation: 396931 steps/s (collection: 0.193s, learning 0.054s)
             Mean action noise std: 0.99
          Mean value_function loss: 0.0009
               Mean surrogate loss: -0.0046
                 Mean entropy loss: 9.8521
                       Mean reward: -0.85
               Mean episode length: 116.63
Episode_Reward/end_effector_position_tracking: -0.0150
Episode_Reward/end_effector_position_tracking_fine_grained: 0.0016
Episode_Reward/end_effector_orientation_tracking: -0.0513
        Episode_Reward/action_rate: -0.0004
          Episode_Reward/joint_vel: -0.0007
            Curriculum/action_rate: -0.0001
              Curriculum/joint_vel: -0.0001
    Metrics/ee_pose/position_error: 0.2381
 Metrics/ee_pose/orientation_error: 1.6239
      Episode_Termination/time_out: 0.2918
--------------------------------------------------------------------------------
                   Total timesteps: 491520
                    Iteration time: 0.25s
                      Time elapsed: 00:00:02
                               ETA: 00:00:47

################################################################################
                       [1m Learning iteration 5/100 [0m                       

                       Computation: 383263 steps/s (collection: 0.199s, learning 0.057s)
             Mean action noise std: 0.99
          Mean value_function loss: 0.0015
               Mean surrogate loss: -0.0039
                 Mean entropy loss: 9.8205
                       Mean reward: -0.95
               Mean episode length: 139.68
Episode_Reward/end_effector_position_tracking: -0.0184
Episode_Reward/end_effector_position_tracking_fine_grained: 0.0017
Episode_Reward/end_effector_orientation_tracking: -0.0582
        Episode_Reward/action_rate: -0.0005
          Episode_Reward/joint_vel: -0.0009
            Curriculum/action_rate: -0.0001
              Curriculum/joint_vel: -0.0001
    Metrics/ee_pose/position_error: 0.2414
 Metrics/ee_pose/orientation_error: 1.5606
      Episode_Termination/time_out: 0.3678
--------------------------------------------------------------------------------
                   Total timesteps: 589824
                    Iteration time: 0.26s
                      Time elapsed: 00:00:02
                               ETA: 00:00:43

################################################################################
                       [1m Learning iteration 6/100 [0m                       

                       Computation: 378346 steps/s (collection: 0.204s, learning 0.056s)
             Mean action noise std: 0.98
          Mean value_function loss: 0.0010
               Mean surrogate loss: -0.0046
                 Mean entropy loss: 9.8095
                       Mean reward: -1.12
               Mean episode length: 164.40
Episode_Reward/end_effector_position_tracking: -0.0217
Episode_Reward/end_effector_position_tracking_fine_grained: 0.0021
Episode_Reward/end_effector_orientation_tracking: -0.0670
        Episode_Reward/action_rate: -0.0006
          Episode_Reward/joint_vel: -0.0011
            Curriculum/action_rate: -0.0001
              Curriculum/joint_vel: -0.0001
    Metrics/ee_pose/position_error: 0.2421
 Metrics/ee_pose/orientation_error: 1.4647
      Episode_Termination/time_out: 0.4338
--------------------------------------------------------------------------------
                   Total timesteps: 688128
                    Iteration time: 0.26s
                      Time elapsed: 00:00:03
                               ETA: 00:00:40

################################################################################
                       [1m Learning iteration 7/100 [0m                       

                       Computation: 369499 steps/s (collection: 0.207s, learning 0.059s)
             Mean action noise std: 0.98
          Mean value_function loss: 0.0009
               Mean surrogate loss: -0.0052
                 Mean entropy loss: 9.7867
                       Mean reward: -1.32
               Mean episode length: 188.45
Episode_Reward/end_effector_position_tracking: -0.0249
Episode_Reward/end_effector_position_tracking_fine_grained: 0.0024
Episode_Reward/end_effector_orientation_tracking: -0.0820
        Episode_Reward/action_rate: -0.0007
          Episode_Reward/joint_vel: -0.0012
            Curriculum/action_rate: -0.0001
              Curriculum/joint_vel: -0.0001
    Metrics/ee_pose/position_error: 0.2426
 Metrics/ee_pose/orientation_error: 1.4495
      Episode_Termination/time_out: 0.5009
--------------------------------------------------------------------------------
                   Total timesteps: 786432
                    Iteration time: 0.27s
                      Time elapsed: 00:00:03
                               ETA: 00:00:38

################################################################################
                       [1m Learning iteration 8/100 [0m                       

                       Computation: 375589 steps/s (collection: 0.204s, learning 0.058s)
             Mean action noise std: 0.98
          Mean value_function loss: 0.0009
               Mean surrogate loss: -0.0051
                 Mean entropy loss: 9.7693
                       Mean reward: -1.45
               Mean episode length: 212.29
Episode_Reward/end_effector_position_tracking: -0.0280
Episode_Reward/end_effector_position_tracking_fine_grained: 0.0029
Episode_Reward/end_effector_orientation_tracking: -0.0887
        Episode_Reward/action_rate: -0.0008
          Episode_Reward/joint_vel: -0.0014
            Curriculum/action_rate: -0.0001
              Curriculum/joint_vel: -0.0001
    Metrics/ee_pose/position_error: 0.2355
 Metrics/ee_pose/orientation_error: 1.4178
      Episode_Termination/time_out: 0.5662
--------------------------------------------------------------------------------
                   Total timesteps: 884736
                    Iteration time: 0.26s
                      Time elapsed: 00:00:03
                               ETA: 00:00:36

################################################################################
                       [1m Learning iteration 9/100 [0m                       

                       Computation: 387318 steps/s (collection: 0.198s, learning 0.056s)
             Mean action noise std: 0.97
          Mean value_function loss: 0.0010
               Mean surrogate loss: -0.0053
                 Mean entropy loss: 9.7377
                       Mean reward: -1.63
               Mean episode length: 236.52
Episode_Reward/end_effector_position_tracking: -0.0304
Episode_Reward/end_effector_position_tracking_fine_grained: 0.0035
Episode_Reward/end_effector_orientation_tracking: -0.0996
        Episode_Reward/action_rate: -0.0009
          Episode_Reward/joint_vel: -0.0016
            Curriculum/action_rate: -0.0001
              Curriculum/joint_vel: -0.0001
    Metrics/ee_pose/position_error: 0.2467
 Metrics/ee_pose/orientation_error: 1.3647
      Episode_Termination/time_out: 0.6354
--------------------------------------------------------------------------------
                   Total timesteps: 983040
                    Iteration time: 0.25s
                      Time elapsed: 00:00:03
                               ETA: 00:00:34

################################################################################
                      [1m Learning iteration 10/100 [0m                       

                       Computation: 359124 steps/s (collection: 0.219s, learning 0.054s)
             Mean action noise std: 0.97
          Mean value_function loss: 0.0025
               Mean surrogate loss: -0.0043
                 Mean entropy loss: 9.7350
                       Mean reward: -1.75
               Mean episode length: 259.24
Episode_Reward/end_effector_position_tracking: -0.0338
Episode_Reward/end_effector_position_tracking_fine_grained: 0.0038
Episode_Reward/end_effector_orientation_tracking: -0.1076
        Episode_Reward/action_rate: -0.0010
          Episode_Reward/joint_vel: -0.0017
            Curriculum/action_rate: -0.0001
              Curriculum/joint_vel: -0.0001
    Metrics/ee_pose/position_error: 0.2416
 Metrics/ee_pose/orientation_error: 1.4074
      Episode_Termination/time_out: 0.7044
--------------------------------------------------------------------------------
                   Total timesteps: 1081344
                    Iteration time: 0.27s
                      Time elapsed: 00:00:04
                               ETA: 00:00:33

################################################################################
                      [1m Learning iteration 11/100 [0m                       

                       Computation: 381447 steps/s (collection: 0.201s, learning 0.057s)
             Mean action noise std: 0.97
          Mean value_function loss: 0.0015
               Mean surrogate loss: -0.0047
                 Mean entropy loss: 9.7072
                       Mean reward: -1.84
               Mean episode length: 283.67
Episode_Reward/end_effector_position_tracking: -0.0370
Episode_Reward/end_effector_position_tracking_fine_grained: 0.0043
Episode_Reward/end_effector_orientation_tracking: -0.1160
        Episode_Reward/action_rate: -0.0011
          Episode_Reward/joint_vel: -0.0019
            Curriculum/action_rate: -0.0001
              Curriculum/joint_vel: -0.0001
    Metrics/ee_pose/position_error: 0.2393
 Metrics/ee_pose/orientation_error: 1.4060
      Episode_Termination/time_out: 0.7747
--------------------------------------------------------------------------------
                   Total timesteps: 1179648
                    Iteration time: 0.26s
                      Time elapsed: 00:00:04
                               ETA: 00:00:32

################################################################################
                      [1m Learning iteration 12/100 [0m                       

                       Computation: 377959 steps/s (collection: 0.203s, learning 0.057s)
             Mean action noise std: 0.97
          Mean value_function loss: 0.0016
               Mean surrogate loss: -0.0036
                 Mean entropy loss: 9.6907
                       Mean reward: -1.99
               Mean episode length: 307.96
Episode_Reward/end_effector_position_tracking: -0.0409
Episode_Reward/end_effector_position_tracking_fine_grained: 0.0041
Episode_Reward/end_effector_orientation_tracking: -0.1248
        Episode_Reward/action_rate: -0.0012
          Episode_Reward/joint_vel: -0.0021
            Curriculum/action_rate: -0.0001
              Curriculum/joint_vel: -0.0001
    Metrics/ee_pose/position_error: 0.2474
 Metrics/ee_pose/orientation_error: 1.2400
      Episode_Termination/time_out: 0.8375
--------------------------------------------------------------------------------
                   Total timesteps: 1277952
                    Iteration time: 0.26s
                      Time elapsed: 00:00:04
                               ETA: 00:00:30

################################################################################
                      [1m Learning iteration 13/100 [0m                       

                       Computation: 374667 steps/s (collection: 0.208s, learning 0.055s)
             Mean action noise std: 0.96
          Mean value_function loss: 0.0018
               Mean surrogate loss: -0.0041
                 Mean entropy loss: 9.6528
                       Mean reward: -2.14
               Mean episode length: 332.26
Episode_Reward/end_effector_position_tracking: -0.0442
Episode_Reward/end_effector_position_tracking_fine_grained: 0.0045
Episode_Reward/end_effector_orientation_tracking: -0.1320
        Episode_Reward/action_rate: -0.0013
          Episode_Reward/joint_vel: -0.0022
            Curriculum/action_rate: -0.0001
              Curriculum/joint_vel: -0.0001
    Metrics/ee_pose/position_error: 0.2389
 Metrics/ee_pose/orientation_error: 1.2546
      Episode_Termination/time_out: 0.9010
--------------------------------------------------------------------------------
                   Total timesteps: 1376256
                    Iteration time: 0.26s
                      Time elapsed: 00:00:04
                               ETA: 00:00:30

################################################################################
                      [1m Learning iteration 14/100 [0m                       

                       Computation: 384424 steps/s (collection: 0.201s, learning 0.054s)
             Mean action noise std: 0.96
          Mean value_function loss: 0.0017
               Mean surrogate loss: -0.0041
                 Mean entropy loss: 9.6352
                       Mean reward: -2.30
               Mean episode length: 355.49
Episode_Reward/end_effector_position_tracking: -0.0472
Episode_Reward/end_effector_position_tracking_fine_grained: 0.0050
Episode_Reward/end_effector_orientation_tracking: -0.1446
        Episode_Reward/action_rate: -0.0014
          Episode_Reward/joint_vel: -0.0024
            Curriculum/action_rate: -0.0001
              Curriculum/joint_vel: -0.0001
    Metrics/ee_pose/position_error: 0.2406
 Metrics/ee_pose/orientation_error: 1.1848
      Episode_Termination/time_out: 0.9694
--------------------------------------------------------------------------------
                   Total timesteps: 1474560
                    Iteration time: 0.26s
                      Time elapsed: 00:00:05
                               ETA: 00:00:29

################################################################################
                      [1m Learning iteration 15/100 [0m                       

                       Computation: 368271 steps/s (collection: 0.210s, learning 0.057s)
             Mean action noise std: 0.95
          Mean value_function loss: 0.0017
               Mean surrogate loss: -0.0038
                 Mean entropy loss: 9.6072
                       Mean reward: -2.19
               Mean episode length: 360.00
Episode_Reward/end_effector_position_tracking: -0.0491
Episode_Reward/end_effector_position_tracking_fine_grained: 0.0050
Episode_Reward/end_effector_orientation_tracking: -0.1422
        Episode_Reward/action_rate: -0.0014
          Episode_Reward/joint_vel: -0.0024
            Curriculum/action_rate: -0.0001
              Curriculum/joint_vel: -0.0001
    Metrics/ee_pose/position_error: 0.2492
 Metrics/ee_pose/orientation_error: 1.0575
      Episode_Termination/time_out: 1.0000
--------------------------------------------------------------------------------
                   Total timesteps: 1572864
                    Iteration time: 0.27s
                      Time elapsed: 00:00:05
                               ETA: 00:00:28

################################################################################
                      [1m Learning iteration 16/100 [0m                       

                       Computation: 385329 steps/s (collection: 0.199s, learning 0.056s)
             Mean action noise std: 0.95
          Mean value_function loss: 0.0014
               Mean surrogate loss: -0.0051
                 Mean entropy loss: 9.5663
                       Mean reward: -2.28
               Mean episode length: 360.00
Episode_Reward/end_effector_position_tracking: -0.0487
Episode_Reward/end_effector_position_tracking_fine_grained: 0.0052
Episode_Reward/end_effector_orientation_tracking: -0.1411
        Episode_Reward/action_rate: -0.0014
          Episode_Reward/joint_vel: -0.0024
            Curriculum/action_rate: -0.0001
              Curriculum/joint_vel: -0.0001
    Metrics/ee_pose/position_error: 0.2465
 Metrics/ee_pose/orientation_error: 1.1821
      Episode_Termination/time_out: 1.0000
--------------------------------------------------------------------------------
                   Total timesteps: 1671168
                    Iteration time: 0.26s
                      Time elapsed: 00:00:05
                               ETA: 00:00:27

################################################################################
                      [1m Learning iteration 17/100 [0m                       

                       Computation: 365489 steps/s (collection: 0.212s, learning 0.057s)
             Mean action noise std: 0.95
          Mean value_function loss: 0.0016
               Mean surrogate loss: -0.0053
                 Mean entropy loss: 9.5402
                       Mean reward: -2.03
               Mean episode length: 360.00
Episode_Reward/end_effector_position_tracking: -0.0487
Episode_Reward/end_effector_position_tracking_fine_grained: 0.0052
Episode_Reward/end_effector_orientation_tracking: -0.1268
        Episode_Reward/action_rate: -0.0014
          Episode_Reward/joint_vel: -0.0024
            Curriculum/action_rate: -0.0001
              Curriculum/joint_vel: -0.0001
    Metrics/ee_pose/position_error: 0.2559
 Metrics/ee_pose/orientation_error: 0.9950
      Episode_Termination/time_out: 1.0000
--------------------------------------------------------------------------------
                   Total timesteps: 1769472
                    Iteration time: 0.27s
                      Time elapsed: 00:00:05
                               ETA: 00:00:27

################################################################################
                      [1m Learning iteration 18/100 [0m                       

                       Computation: 391841 steps/s (collection: 0.191s, learning 0.060s)
             Mean action noise std: 0.94
          Mean value_function loss: 0.0016
               Mean surrogate loss: -0.0051
                 Mean entropy loss: 9.5336
                       Mean reward: -2.12
               Mean episode length: 360.00
Episode_Reward/end_effector_position_tracking: -0.0483
Episode_Reward/end_effector_position_tracking_fine_grained: 0.0055
Episode_Reward/end_effector_orientation_tracking: -0.1368
        Episode_Reward/action_rate: -0.0014
          Episode_Reward/joint_vel: -0.0024
            Curriculum/action_rate: -0.0001
              Curriculum/joint_vel: -0.0001
    Metrics/ee_pose/position_error: 0.2439
 Metrics/ee_pose/orientation_error: 0.9845
      Episode_Termination/time_out: 1.0000
--------------------------------------------------------------------------------
                   Total timesteps: 1867776
                    Iteration time: 0.25s
                      Time elapsed: 00:00:06
                               ETA: 00:00:26

################################################################################
                      [1m Learning iteration 19/100 [0m                       

                       Computation: 376685 steps/s (collection: 0.202s, learning 0.059s)
             Mean action noise std: 0.94
          Mean value_function loss: 0.0016
               Mean surrogate loss: -0.0049
                 Mean entropy loss: 9.5341
                       Mean reward: -2.14
               Mean episode length: 360.00
Episode_Reward/end_effector_position_tracking: -0.0491
Episode_Reward/end_effector_position_tracking_fine_grained: 0.0051
Episode_Reward/end_effector_orientation_tracking: -0.1310
        Episode_Reward/action_rate: -0.0014
          Episode_Reward/joint_vel: -0.0024
            Curriculum/action_rate: -0.0001
              Curriculum/joint_vel: -0.0001
    Metrics/ee_pose/position_error: 0.2528
 Metrics/ee_pose/orientation_error: 0.9315
      Episode_Termination/time_out: 1.0000
--------------------------------------------------------------------------------
                   Total timesteps: 1966080
                    Iteration time: 0.26s
                      Time elapsed: 00:00:06
                               ETA: 00:00:25

################################################################################
                      [1m Learning iteration 20/100 [0m                       

                       Computation: 372218 steps/s (collection: 0.210s, learning 0.055s)
             Mean action noise std: 0.94
          Mean value_function loss: 0.0066
               Mean surrogate loss: -0.0032
                 Mean entropy loss: 9.4953
                       Mean reward: -2.14
               Mean episode length: 360.00
Episode_Reward/end_effector_position_tracking: -0.0496
Episode_Reward/end_effector_position_tracking_fine_grained: 0.0049
Episode_Reward/end_effector_orientation_tracking: -0.1270
        Episode_Reward/action_rate: -0.0014
          Episode_Reward/joint_vel: -0.0024
            Curriculum/action_rate: -0.0001
              Curriculum/joint_vel: -0.0001
    Metrics/ee_pose/position_error: 0.2490
 Metrics/ee_pose/orientation_error: 0.9835
      Episode_Termination/time_out: 1.0000
--------------------------------------------------------------------------------
                   Total timesteps: 2064384
                    Iteration time: 0.26s
                      Time elapsed: 00:00:06
                               ETA: 00:00:25

################################################################################
                      [1m Learning iteration 21/100 [0m                       

                       Computation: 381078 steps/s (collection: 0.201s, learning 0.057s)
             Mean action noise std: 0.94
          Mean value_function loss: 0.0018
               Mean surrogate loss: -0.0043
                 Mean entropy loss: 9.4678
                       Mean reward: -2.06
               Mean episode length: 360.00
Episode_Reward/end_effector_position_tracking: -0.0501
Episode_Reward/end_effector_position_tracking_fine_grained: 0.0047
Episode_Reward/end_effector_orientation_tracking: -0.1228
        Episode_Reward/action_rate: -0.0014
          Episode_Reward/joint_vel: -0.0024
            Curriculum/action_rate: -0.0001
              Curriculum/joint_vel: -0.0001
    Metrics/ee_pose/position_error: 0.2492
 Metrics/ee_pose/orientation_error: 0.9121
      Episode_Termination/time_out: 1.0000
--------------------------------------------------------------------------------
                   Total timesteps: 2162688
                    Iteration time: 0.26s
                      Time elapsed: 00:00:06
                               ETA: 00:00:24

################################################################################
                      [1m Learning iteration 22/100 [0m                       

                       Computation: 375968 steps/s (collection: 0.205s, learning 0.057s)
             Mean action noise std: 0.93
          Mean value_function loss: 0.0015
               Mean surrogate loss: -0.0058
                 Mean entropy loss: 9.4474
                       Mean reward: -2.05
               Mean episode length: 360.00
Episode_Reward/end_effector_position_tracking: -0.0490
Episode_Reward/end_effector_position_tracking_fine_grained: 0.0053
Episode_Reward/end_effector_orientation_tracking: -0.1209
        Episode_Reward/action_rate: -0.0014
          Episode_Reward/joint_vel: -0.0024
            Curriculum/action_rate: -0.0001
              Curriculum/joint_vel: -0.0001
    Metrics/ee_pose/position_error: 0.2442
 Metrics/ee_pose/orientation_error: 0.9255
      Episode_Termination/time_out: 1.0000
--------------------------------------------------------------------------------
                   Total timesteps: 2260992
                    Iteration time: 0.26s
                      Time elapsed: 00:00:07
                               ETA: 00:00:24

################################################################################
                      [1m Learning iteration 23/100 [0m                       

                       Computation: 382472 steps/s (collection: 0.203s, learning 0.054s)
             Mean action noise std: 0.93
          Mean value_function loss: 0.0015
               Mean surrogate loss: -0.0061
                 Mean entropy loss: 9.4255
                       Mean reward: -1.93
               Mean episode length: 360.00
Episode_Reward/end_effector_position_tracking: -0.0502
Episode_Reward/end_effector_position_tracking_fine_grained: 0.0047
Episode_Reward/end_effector_orientation_tracking: -0.1178
        Episode_Reward/action_rate: -0.0014
          Episode_Reward/joint_vel: -0.0024
            Curriculum/action_rate: -0.0001
              Curriculum/joint_vel: -0.0001
    Metrics/ee_pose/position_error: 0.2544
 Metrics/ee_pose/orientation_error: 0.7838
      Episode_Termination/time_out: 1.0000
--------------------------------------------------------------------------------
                   Total timesteps: 2359296
                    Iteration time: 0.26s
                      Time elapsed: 00:00:07
                               ETA: 00:00:23

################################################################################
                      [1m Learning iteration 24/100 [0m                       

                       Computation: 367440 steps/s (collection: 0.214s, learning 0.054s)
             Mean action noise std: 0.92
          Mean value_function loss: 0.0016
               Mean surrogate loss: -0.0054
                 Mean entropy loss: 9.3736
                       Mean reward: -1.89
               Mean episode length: 360.00
Episode_Reward/end_effector_position_tracking: -0.0493
Episode_Reward/end_effector_position_tracking_fine_grained: 0.0049
Episode_Reward/end_effector_orientation_tracking: -0.1121
        Episode_Reward/action_rate: -0.0014
          Episode_Reward/joint_vel: -0.0024
            Curriculum/action_rate: -0.0001
              Curriculum/joint_vel: -0.0001
    Metrics/ee_pose/position_error: 0.2475
 Metrics/ee_pose/orientation_error: 0.8346
      Episode_Termination/time_out: 1.0000
--------------------------------------------------------------------------------
                   Total timesteps: 2457600
                    Iteration time: 0.27s
                      Time elapsed: 00:00:07
                               ETA: 00:00:23

################################################################################
                      [1m Learning iteration 25/100 [0m                       

                       Computation: 374739 steps/s (collection: 0.208s, learning 0.054s)
             Mean action noise std: 0.91
          Mean value_function loss: 0.0013
               Mean surrogate loss: -0.0053
                 Mean entropy loss: 9.3182
                       Mean reward: -1.77
               Mean episode length: 360.00
Episode_Reward/end_effector_position_tracking: -0.0509
Episode_Reward/end_effector_position_tracking_fine_grained: 0.0043
Episode_Reward/end_effector_orientation_tracking: -0.1051
        Episode_Reward/action_rate: -0.0014
          Episode_Reward/joint_vel: -0.0024
            Curriculum/action_rate: -0.0001
              Curriculum/joint_vel: -0.0001
    Metrics/ee_pose/position_error: 0.2634
 Metrics/ee_pose/orientation_error: 0.7480
      Episode_Termination/time_out: 1.0000
--------------------------------------------------------------------------------
                   Total timesteps: 2555904
                    Iteration time: 0.26s
                      Time elapsed: 00:00:07
                               ETA: 00:00:22

################################################################################
                      [1m Learning iteration 26/100 [0m                       

                       Computation: 377596 steps/s (collection: 0.205s, learning 0.055s)
             Mean action noise std: 0.91
          Mean value_function loss: 0.0012
               Mean surrogate loss: -0.0053
                 Mean entropy loss: 9.2780
                       Mean reward: -1.77
               Mean episode length: 360.00
Episode_Reward/end_effector_position_tracking: -0.0496
Episode_Reward/end_effector_position_tracking_fine_grained: 0.0049
Episode_Reward/end_effector_orientation_tracking: -0.1028
        Episode_Reward/action_rate: -0.0013
          Episode_Reward/joint_vel: -0.0024
            Curriculum/action_rate: -0.0001
              Curriculum/joint_vel: -0.0001
    Metrics/ee_pose/position_error: 0.2532
 Metrics/ee_pose/orientation_error: 0.8013
      Episode_Termination/time_out: 1.0000
--------------------------------------------------------------------------------
                   Total timesteps: 2654208
                    Iteration time: 0.26s
                      Time elapsed: 00:00:08
                               ETA: 00:00:22

################################################################################
                      [1m Learning iteration 27/100 [0m                       

                       Computation: 380093 steps/s (collection: 0.203s, learning 0.055s)
             Mean action noise std: 0.90
          Mean value_function loss: 0.0013
               Mean surrogate loss: -0.0062
                 Mean entropy loss: 9.2210
                       Mean reward: -1.88
               Mean episode length: 360.00
Episode_Reward/end_effector_position_tracking: -0.0518
Episode_Reward/end_effector_position_tracking_fine_grained: 0.0042
Episode_Reward/end_effector_orientation_tracking: -0.1034
        Episode_Reward/action_rate: -0.0013
          Episode_Reward/joint_vel: -0.0024
            Curriculum/action_rate: -0.0001
              Curriculum/joint_vel: -0.0001
    Metrics/ee_pose/position_error: 0.2592
 Metrics/ee_pose/orientation_error: 0.7625
      Episode_Termination/time_out: 1.0000
--------------------------------------------------------------------------------
                   Total timesteps: 2752512
                    Iteration time: 0.26s
                      Time elapsed: 00:00:08
                               ETA: 00:00:22

################################################################################
                      [1m Learning iteration 28/100 [0m                       

                       Computation: 369961 steps/s (collection: 0.206s, learning 0.059s)
             Mean action noise std: 0.90
          Mean value_function loss: 0.0014
               Mean surrogate loss: -0.0045
                 Mean entropy loss: 9.1885
                       Mean reward: -1.81
               Mean episode length: 360.00
Episode_Reward/end_effector_position_tracking: -0.0509
Episode_Reward/end_effector_position_tracking_fine_grained: 0.0044
Episode_Reward/end_effector_orientation_tracking: -0.0957
        Episode_Reward/action_rate: -0.0013
          Episode_Reward/joint_vel: -0.0024
            Curriculum/action_rate: -0.0001
              Curriculum/joint_vel: -0.0001
    Metrics/ee_pose/position_error: 0.2534
 Metrics/ee_pose/orientation_error: 0.6531
      Episode_Termination/time_out: 1.0000
--------------------------------------------------------------------------------
                   Total timesteps: 2850816
                    Iteration time: 0.27s
                      Time elapsed: 00:00:08
                               ETA: 00:00:21

################################################################################
                      [1m Learning iteration 29/100 [0m                       

                       Computation: 387265 steps/s (collection: 0.200s, learning 0.054s)
             Mean action noise std: 0.89
          Mean value_function loss: 0.0013
               Mean surrogate loss: -0.0050
                 Mean entropy loss: 9.1416
                       Mean reward: -1.74
               Mean episode length: 360.00
Episode_Reward/end_effector_position_tracking: -0.0504
Episode_Reward/end_effector_position_tracking_fine_grained: 0.0045
Episode_Reward/end_effector_orientation_tracking: -0.0940
        Episode_Reward/action_rate: -0.0013
          Episode_Reward/joint_vel: -0.0024
            Curriculum/action_rate: -0.0001
              Curriculum/joint_vel: -0.0001
    Metrics/ee_pose/position_error: 0.2487
 Metrics/ee_pose/orientation_error: 0.6801
      Episode_Termination/time_out: 1.0000
--------------------------------------------------------------------------------
                   Total timesteps: 2949120
                    Iteration time: 0.25s
                      Time elapsed: 00:00:09
                               ETA: 00:00:21

################################################################################
                      [1m Learning iteration 30/100 [0m                       

                       Computation: 373620 steps/s (collection: 0.207s, learning 0.056s)
             Mean action noise std: 0.89
          Mean value_function loss: 0.0012
               Mean surrogate loss: -0.0044
                 Mean entropy loss: 9.1350
                       Mean reward: -1.57
               Mean episode length: 360.00
Episode_Reward/end_effector_position_tracking: -0.0504
Episode_Reward/end_effector_position_tracking_fine_grained: 0.0046
Episode_Reward/end_effector_orientation_tracking: -0.0884
        Episode_Reward/action_rate: -0.0013
          Episode_Reward/joint_vel: -0.0024
            Curriculum/action_rate: -0.0001
              Curriculum/joint_vel: -0.0001
    Metrics/ee_pose/position_error: 0.2619
 Metrics/ee_pose/orientation_error: 0.6324
      Episode_Termination/time_out: 1.0000
--------------------------------------------------------------------------------
                   Total timesteps: 3047424
                    Iteration time: 0.26s
                      Time elapsed: 00:00:09
                               ETA: 00:00:20

################################################################################
                      [1m Learning iteration 31/100 [0m                       

                       Computation: 362969 steps/s (collection: 0.216s, learning 0.055s)
             Mean action noise std: 0.89
          Mean value_function loss: 0.0010
               Mean surrogate loss: -0.0037
                 Mean entropy loss: 9.0986
                       Mean reward: -1.56
               Mean episode length: 360.00
Episode_Reward/end_effector_position_tracking: -0.0512
Episode_Reward/end_effector_position_tracking_fine_grained: 0.0045
Episode_Reward/end_effector_orientation_tracking: -0.0883
        Episode_Reward/action_rate: -0.0013
          Episode_Reward/joint_vel: -0.0024
            Curriculum/action_rate: -0.0001
              Curriculum/joint_vel: -0.0001
    Metrics/ee_pose/position_error: 0.2668
 Metrics/ee_pose/orientation_error: 0.5994
      Episode_Termination/time_out: 1.0000
--------------------------------------------------------------------------------
                   Total timesteps: 3145728
                    Iteration time: 0.27s
                      Time elapsed: 00:00:09
                               ETA: 00:00:20

################################################################################
                      [1m Learning iteration 32/100 [0m                       

                       Computation: 371963 steps/s (collection: 0.206s, learning 0.058s)
             Mean action noise std: 0.88
          Mean value_function loss: 0.0010
               Mean surrogate loss: -0.0056
                 Mean entropy loss: 9.0698
                       Mean reward: -1.60
               Mean episode length: 360.00
Episode_Reward/end_effector_position_tracking: -0.0503
Episode_Reward/end_effector_position_tracking_fine_grained: 0.0050
Episode_Reward/end_effector_orientation_tracking: -0.0823
        Episode_Reward/action_rate: -0.0013
          Episode_Reward/joint_vel: -0.0024
            Curriculum/action_rate: -0.0001
              Curriculum/joint_vel: -0.0001
    Metrics/ee_pose/position_error: 0.2558
 Metrics/ee_pose/orientation_error: 0.5354
      Episode_Termination/time_out: 1.0000
--------------------------------------------------------------------------------
                   Total timesteps: 3244032
                    Iteration time: 0.26s
                      Time elapsed: 00:00:09
                               ETA: 00:00:20

################################################################################
                      [1m Learning iteration 33/100 [0m                       

                       Computation: 367189 steps/s (collection: 0.214s, learning 0.054s)
             Mean action noise std: 0.88
          Mean value_function loss: 0.0009
               Mean surrogate loss: -0.0048
                 Mean entropy loss: 9.0352
                       Mean reward: -1.55
               Mean episode length: 360.00
Episode_Reward/end_effector_position_tracking: -0.0501
Episode_Reward/end_effector_position_tracking_fine_grained: 0.0050
Episode_Reward/end_effector_orientation_tracking: -0.0838
        Episode_Reward/action_rate: -0.0013
          Episode_Reward/joint_vel: -0.0024
            Curriculum/action_rate: -0.0001
              Curriculum/joint_vel: -0.0001
    Metrics/ee_pose/position_error: 0.2504
 Metrics/ee_pose/orientation_error: 0.5722
      Episode_Termination/time_out: 1.0000
--------------------------------------------------------------------------------
                   Total timesteps: 3342336
                    Iteration time: 0.27s
                      Time elapsed: 00:00:10
                               ETA: 00:00:19

################################################################################
                      [1m Learning iteration 34/100 [0m                       

                       Computation: 382847 steps/s (collection: 0.202s, learning 0.055s)
             Mean action noise std: 0.88
          Mean value_function loss: 0.0017
               Mean surrogate loss: -0.0034
                 Mean entropy loss: 9.0195
                       Mean reward: -1.60
               Mean episode length: 360.00
Episode_Reward/end_effector_position_tracking: -0.0522
Episode_Reward/end_effector_position_tracking_fine_grained: 0.0044
Episode_Reward/end_effector_orientation_tracking: -0.0798
        Episode_Reward/action_rate: -0.0013
          Episode_Reward/joint_vel: -0.0024
            Curriculum/action_rate: -0.0001
              Curriculum/joint_vel: -0.0001
    Metrics/ee_pose/position_error: 0.2585
 Metrics/ee_pose/orientation_error: 0.5059
      Episode_Termination/time_out: 1.0000
--------------------------------------------------------------------------------
                   Total timesteps: 3440640
                    Iteration time: 0.26s
                      Time elapsed: 00:00:10
                               ETA: 00:00:19

################################################################################
                      [1m Learning iteration 35/100 [0m                       

                       Computation: 368613 steps/s (collection: 0.208s, learning 0.058s)
             Mean action noise std: 0.87
          Mean value_function loss: 0.0008
               Mean surrogate loss: -0.0046
                 Mean entropy loss: 8.9741
                       Mean reward: -1.48
               Mean episode length: 360.00
Episode_Reward/end_effector_position_tracking: -0.0506
Episode_Reward/end_effector_position_tracking_fine_grained: 0.0047
Episode_Reward/end_effector_orientation_tracking: -0.0754
        Episode_Reward/action_rate: -0.0013
          Episode_Reward/joint_vel: -0.0024
            Curriculum/action_rate: -0.0001
              Curriculum/joint_vel: -0.0001
    Metrics/ee_pose/position_error: 0.2529
 Metrics/ee_pose/orientation_error: 0.5090
      Episode_Termination/time_out: 1.0000
--------------------------------------------------------------------------------
                   Total timesteps: 3538944
                    Iteration time: 0.27s
                      Time elapsed: 00:00:10
                               ETA: 00:00:19

################################################################################
                      [1m Learning iteration 36/100 [0m                       

                       Computation: 357516 steps/s (collection: 0.208s, learning 0.067s)
             Mean action noise std: 0.87
          Mean value_function loss: 0.0007
               Mean surrogate loss: -0.0055
                 Mean entropy loss: 8.9267
                       Mean reward: -1.49
               Mean episode length: 360.00
Episode_Reward/end_effector_position_tracking: -0.0513
Episode_Reward/end_effector_position_tracking_fine_grained: 0.0046
Episode_Reward/end_effector_orientation_tracking: -0.0741
        Episode_Reward/action_rate: -0.0013
          Episode_Reward/joint_vel: -0.0024
            Curriculum/action_rate: -0.0001
              Curriculum/joint_vel: -0.0001
    Metrics/ee_pose/position_error: 0.2597
 Metrics/ee_pose/orientation_error: 0.4934
      Episode_Termination/time_out: 1.0000
--------------------------------------------------------------------------------
                   Total timesteps: 3637248
                    Iteration time: 0.27s
                      Time elapsed: 00:00:10
                               ETA: 00:00:18

################################################################################
                      [1m Learning iteration 37/100 [0m                       

                       Computation: 376835 steps/s (collection: 0.204s, learning 0.057s)
             Mean action noise std: 0.87
          Mean value_function loss: 0.0007
               Mean surrogate loss: -0.0049
                 Mean entropy loss: 8.9137
                       Mean reward: -1.47
               Mean episode length: 360.00
Episode_Reward/end_effector_position_tracking: -0.0511
Episode_Reward/end_effector_position_tracking_fine_grained: 0.0048
Episode_Reward/end_effector_orientation_tracking: -0.0732
        Episode_Reward/action_rate: -0.0013
          Episode_Reward/joint_vel: -0.0024
            Curriculum/action_rate: -0.0001
              Curriculum/joint_vel: -0.0001
    Metrics/ee_pose/position_error: 0.2552
 Metrics/ee_pose/orientation_error: 0.4910
      Episode_Termination/time_out: 1.0000
--------------------------------------------------------------------------------
                   Total timesteps: 3735552
                    Iteration time: 0.26s
                      Time elapsed: 00:00:11
                               ETA: 00:00:18

################################################################################
                      [1m Learning iteration 38/100 [0m                       

                       Computation: 369075 steps/s (collection: 0.212s, learning 0.055s)
             Mean action noise std: 0.86
          Mean value_function loss: 0.0008
               Mean surrogate loss: -0.0046
                 Mean entropy loss: 8.8884
                       Mean reward: -1.37
               Mean episode length: 360.00
Episode_Reward/end_effector_position_tracking: -0.0512
Episode_Reward/end_effector_position_tracking_fine_grained: 0.0048
Episode_Reward/end_effector_orientation_tracking: -0.0679
        Episode_Reward/action_rate: -0.0013
          Episode_Reward/joint_vel: -0.0024
            Curriculum/action_rate: -0.0001
              Curriculum/joint_vel: -0.0001
    Metrics/ee_pose/position_error: 0.2403
 Metrics/ee_pose/orientation_error: 0.4536
      Episode_Termination/time_out: 1.0000
--------------------------------------------------------------------------------
                   Total timesteps: 3833856
                    Iteration time: 0.27s
                      Time elapsed: 00:00:11
                               ETA: 00:00:18

################################################################################
                      [1m Learning iteration 39/100 [0m                       

                       Computation: 375828 steps/s (collection: 0.205s, learning 0.057s)
             Mean action noise std: 0.86
          Mean value_function loss: 0.0008
               Mean surrogate loss: -0.0038
                 Mean entropy loss: 8.8463
                       Mean reward: -1.36
               Mean episode length: 360.00
Episode_Reward/end_effector_position_tracking: -0.0518
Episode_Reward/end_effector_position_tracking_fine_grained: 0.0045
Episode_Reward/end_effector_orientation_tracking: -0.0678
        Episode_Reward/action_rate: -0.0012
          Episode_Reward/joint_vel: -0.0024
            Curriculum/action_rate: -0.0001
              Curriculum/joint_vel: -0.0001
    Metrics/ee_pose/position_error: 0.2516
 Metrics/ee_pose/orientation_error: 0.4497
      Episode_Termination/time_out: 1.0000
--------------------------------------------------------------------------------
                   Total timesteps: 3932160
                    Iteration time: 0.26s
                      Time elapsed: 00:00:11
                               ETA: 00:00:17

################################################################################
                      [1m Learning iteration 40/100 [0m                       

                       Computation: 365115 steps/s (collection: 0.212s, learning 0.057s)
             Mean action noise std: 0.85
          Mean value_function loss: 0.0007
               Mean surrogate loss: -0.0054
                 Mean entropy loss: 8.8214
                       Mean reward: -1.35
               Mean episode length: 360.00
Episode_Reward/end_effector_position_tracking: -0.0516
Episode_Reward/end_effector_position_tracking_fine_grained: 0.0046
Episode_Reward/end_effector_orientation_tracking: -0.0650
        Episode_Reward/action_rate: -0.0012
          Episode_Reward/joint_vel: -0.0024
            Curriculum/action_rate: -0.0001
              Curriculum/joint_vel: -0.0001
    Metrics/ee_pose/position_error: 0.2481
 Metrics/ee_pose/orientation_error: 0.4580
      Episode_Termination/time_out: 1.0000
--------------------------------------------------------------------------------
                   Total timesteps: 4030464
                    Iteration time: 0.27s
                      Time elapsed: 00:00:11
                               ETA: 00:00:17

################################################################################
                      [1m Learning iteration 41/100 [0m                       

                       Computation: 381579 steps/s (collection: 0.203s, learning 0.054s)
             Mean action noise std: 0.85
          Mean value_function loss: 0.0006
               Mean surrogate loss: -0.0043
                 Mean entropy loss: 8.7886
                       Mean reward: -1.32
               Mean episode length: 360.00
Episode_Reward/end_effector_position_tracking: -0.0510
Episode_Reward/end_effector_position_tracking_fine_grained: 0.0052
Episode_Reward/end_effector_orientation_tracking: -0.0634
        Episode_Reward/action_rate: -0.0012
          Episode_Reward/joint_vel: -0.0024
            Curriculum/action_rate: -0.0001
              Curriculum/joint_vel: -0.0001
    Metrics/ee_pose/position_error: 0.2364
 Metrics/ee_pose/orientation_error: 0.4106
      Episode_Termination/time_out: 1.0000
--------------------------------------------------------------------------------
                   Total timesteps: 4128768
                    Iteration time: 0.26s
                      Time elapsed: 00:00:12
                               ETA: 00:00:17

################################################################################
                      [1m Learning iteration 42/100 [0m                       

                       Computation: 372593 steps/s (collection: 0.209s, learning 0.055s)
             Mean action noise std: 0.85
          Mean value_function loss: 0.0007
               Mean surrogate loss: -0.0044
                 Mean entropy loss: 8.7679
                       Mean reward: -1.31
               Mean episode length: 360.00
Episode_Reward/end_effector_position_tracking: -0.0509
Episode_Reward/end_effector_position_tracking_fine_grained: 0.0052
Episode_Reward/end_effector_orientation_tracking: -0.0590
        Episode_Reward/action_rate: -0.0012
          Episode_Reward/joint_vel: -0.0024
            Curriculum/action_rate: -0.0001
              Curriculum/joint_vel: -0.0001
    Metrics/ee_pose/position_error: 0.2360
 Metrics/ee_pose/orientation_error: 0.4074
      Episode_Termination/time_out: 1.0000
--------------------------------------------------------------------------------
                   Total timesteps: 4227072
                    Iteration time: 0.26s
                      Time elapsed: 00:00:12
                               ETA: 00:00:16

################################################################################
                      [1m Learning iteration 43/100 [0m                       

                       Computation: 374452 steps/s (collection: 0.206s, learning 0.057s)
             Mean action noise std: 0.85
          Mean value_function loss: 0.0007
               Mean surrogate loss: -0.0040
                 Mean entropy loss: 8.7449
                       Mean reward: -1.31
               Mean episode length: 360.00
Episode_Reward/end_effector_position_tracking: -0.0522
Episode_Reward/end_effector_position_tracking_fine_grained: 0.0050
Episode_Reward/end_effector_orientation_tracking: -0.0590
        Episode_Reward/action_rate: -0.0012
          Episode_Reward/joint_vel: -0.0024
            Curriculum/action_rate: -0.0001
              Curriculum/joint_vel: -0.0001
    Metrics/ee_pose/position_error: 0.2401
 Metrics/ee_pose/orientation_error: 0.4021
      Episode_Termination/time_out: 1.0000
--------------------------------------------------------------------------------
                   Total timesteps: 4325376
                    Iteration time: 0.26s
                      Time elapsed: 00:00:12
                               ETA: 00:00:16

################################################################################
                      [1m Learning iteration 44/100 [0m                       

                       Computation: 368213 steps/s (collection: 0.213s, learning 0.054s)
             Mean action noise std: 0.84
          Mean value_function loss: 0.0007
               Mean surrogate loss: -0.0027
                 Mean entropy loss: 8.7467
                       Mean reward: -1.34
               Mean episode length: 360.00
Episode_Reward/end_effector_position_tracking: -0.0514
Episode_Reward/end_effector_position_tracking_fine_grained: 0.0050
Episode_Reward/end_effector_orientation_tracking: -0.0601
        Episode_Reward/action_rate: -0.0012
          Episode_Reward/joint_vel: -0.0024
            Curriculum/action_rate: -0.0001
              Curriculum/joint_vel: -0.0001
    Metrics/ee_pose/position_error: 0.2413
 Metrics/ee_pose/orientation_error: 0.4169
      Episode_Termination/time_out: 1.0000
--------------------------------------------------------------------------------
                   Total timesteps: 4423680
                    Iteration time: 0.27s
                      Time elapsed: 00:00:12
                               ETA: 00:00:16

################################################################################
                      [1m Learning iteration 45/100 [0m                       

                       Computation: 357231 steps/s (collection: 0.219s, learning 0.056s)
             Mean action noise std: 0.84
          Mean value_function loss: 0.0006
               Mean surrogate loss: -0.0040
                 Mean entropy loss: 8.7027
                       Mean reward: -1.35
               Mean episode length: 360.00
Episode_Reward/end_effector_position_tracking: -0.0508
Episode_Reward/end_effector_position_tracking_fine_grained: 0.0054
Episode_Reward/end_effector_orientation_tracking: -0.0573
        Episode_Reward/action_rate: -0.0012
          Episode_Reward/joint_vel: -0.0024
            Curriculum/action_rate: -0.0001
              Curriculum/joint_vel: -0.0001
    Metrics/ee_pose/position_error: 0.2323
 Metrics/ee_pose/orientation_error: 0.4272
      Episode_Termination/time_out: 1.0000
--------------------------------------------------------------------------------
                   Total timesteps: 4521984
                    Iteration time: 0.28s
                      Time elapsed: 00:00:13
                               ETA: 00:00:15

################################################################################
                      [1m Learning iteration 46/100 [0m                       

                       Computation: 388193 steps/s (collection: 0.196s, learning 0.057s)
             Mean action noise std: 0.84
          Mean value_function loss: 0.0006
               Mean surrogate loss: -0.0032
                 Mean entropy loss: 8.6907
                       Mean reward: -1.23
               Mean episode length: 360.00
Episode_Reward/end_effector_position_tracking: -0.0503
Episode_Reward/end_effector_position_tracking_fine_grained: 0.0058
Episode_Reward/end_effector_orientation_tracking: -0.0567
        Episode_Reward/action_rate: -0.0012
          Episode_Reward/joint_vel: -0.0024
            Curriculum/action_rate: -0.0001
              Curriculum/joint_vel: -0.0001
    Metrics/ee_pose/position_error: 0.2275
 Metrics/ee_pose/orientation_error: 0.3939
      Episode_Termination/time_out: 1.0000
--------------------------------------------------------------------------------
                   Total timesteps: 4620288
                    Iteration time: 0.25s
                      Time elapsed: 00:00:13
                               ETA: 00:00:15

################################################################################
                      [1m Learning iteration 47/100 [0m                       

                       Computation: 375852 steps/s (collection: 0.204s, learning 0.058s)
             Mean action noise std: 0.83
          Mean value_function loss: 0.0006
               Mean surrogate loss: -0.0037
                 Mean entropy loss: 8.6614
                       Mean reward: -1.24
               Mean episode length: 360.00
Episode_Reward/end_effector_position_tracking: -0.0503
Episode_Reward/end_effector_position_tracking_fine_grained: 0.0059
Episode_Reward/end_effector_orientation_tracking: -0.0536
        Episode_Reward/action_rate: -0.0012
          Episode_Reward/joint_vel: -0.0024
            Curriculum/action_rate: -0.0001
              Curriculum/joint_vel: -0.0001
    Metrics/ee_pose/position_error: 0.2273
 Metrics/ee_pose/orientation_error: 0.4017
      Episode_Termination/time_out: 1.0000
--------------------------------------------------------------------------------
                   Total timesteps: 4718592
                    Iteration time: 0.26s
                      Time elapsed: 00:00:13
                               ETA: 00:00:15

################################################################################
                      [1m Learning iteration 48/100 [0m                       

                       Computation: 372929 steps/s (collection: 0.209s, learning 0.055s)
             Mean action noise std: 0.83
          Mean value_function loss: 0.0006
               Mean surrogate loss: -0.0034
                 Mean entropy loss: 8.6233
                       Mean reward: -1.21
               Mean episode length: 360.00
Episode_Reward/end_effector_position_tracking: -0.0485
Episode_Reward/end_effector_position_tracking_fine_grained: 0.0062
Episode_Reward/end_effector_orientation_tracking: -0.0537
        Episode_Reward/action_rate: -0.0012
          Episode_Reward/joint_vel: -0.0024
            Curriculum/action_rate: -0.0001
              Curriculum/joint_vel: -0.0001
    Metrics/ee_pose/position_error: 0.2145
 Metrics/ee_pose/orientation_error: 0.3730
      Episode_Termination/time_out: 1.0000
--------------------------------------------------------------------------------
                   Total timesteps: 4816896
                    Iteration time: 0.26s
                      Time elapsed: 00:00:14
                               ETA: 00:00:14

################################################################################
                      [1m Learning iteration 49/100 [0m                       

                       Computation: 363080 steps/s (collection: 0.213s, learning 0.057s)
             Mean action noise std: 0.83
          Mean value_function loss: 0.0006
               Mean surrogate loss: -0.0033
                 Mean entropy loss: 8.6053
                       Mean reward: -1.20
               Mean episode length: 360.00
Episode_Reward/end_effector_position_tracking: -0.0502
Episode_Reward/end_effector_position_tracking_fine_grained: 0.0058
Episode_Reward/end_effector_orientation_tracking: -0.0531
        Episode_Reward/action_rate: -0.0012
          Episode_Reward/joint_vel: -0.0024
            Curriculum/action_rate: -0.0001
              Curriculum/joint_vel: -0.0001
    Metrics/ee_pose/position_error: 0.2366
 Metrics/ee_pose/orientation_error: 0.4141
      Episode_Termination/time_out: 1.0000
--------------------------------------------------------------------------------
                   Total timesteps: 4915200
                    Iteration time: 0.27s
                      Time elapsed: 00:00:14
                               ETA: 00:00:14

################################################################################
                      [1m Learning iteration 50/100 [0m                       

                       Computation: 387895 steps/s (collection: 0.197s, learning 0.057s)
             Mean action noise std: 0.82
          Mean value_function loss: 0.0005
               Mean surrogate loss: -0.0033
                 Mean entropy loss: 8.5694
                       Mean reward: -1.15
               Mean episode length: 360.00
Episode_Reward/end_effector_position_tracking: -0.0487
Episode_Reward/end_effector_position_tracking_fine_grained: 0.0064
Episode_Reward/end_effector_orientation_tracking: -0.0518
        Episode_Reward/action_rate: -0.0012
          Episode_Reward/joint_vel: -0.0024
            Curriculum/action_rate: -0.0001
              Curriculum/joint_vel: -0.0001
    Metrics/ee_pose/position_error: 0.2305
 Metrics/ee_pose/orientation_error: 0.3794
      Episode_Termination/time_out: 1.0000
--------------------------------------------------------------------------------
                   Total timesteps: 5013504
                    Iteration time: 0.25s
                      Time elapsed: 00:00:14
                               ETA: 00:00:14

################################################################################
                      [1m Learning iteration 51/100 [0m                       

                       Computation: 369819 steps/s (collection: 0.209s, learning 0.057s)
             Mean action noise std: 0.82
          Mean value_function loss: 0.0006
               Mean surrogate loss: -0.0039
                 Mean entropy loss: 8.5532
                       Mean reward: -1.12
               Mean episode length: 360.00
Episode_Reward/end_effector_position_tracking: -0.0478
Episode_Reward/end_effector_position_tracking_fine_grained: 0.0069
Episode_Reward/end_effector_orientation_tracking: -0.0503
        Episode_Reward/action_rate: -0.0012
          Episode_Reward/joint_vel: -0.0024
            Curriculum/action_rate: -0.0001
              Curriculum/joint_vel: -0.0001
    Metrics/ee_pose/position_error: 0.2095
 Metrics/ee_pose/orientation_error: 0.3646
      Episode_Termination/time_out: 1.0000
--------------------------------------------------------------------------------
                   Total timesteps: 5111808
                    Iteration time: 0.27s
                      Time elapsed: 00:00:14
                               ETA: 00:00:13

################################################################################
                      [1m Learning iteration 52/100 [0m                       

                       Computation: 359832 steps/s (collection: 0.219s, learning 0.054s)
             Mean action noise std: 0.82
          Mean value_function loss: 0.0006
               Mean surrogate loss: -0.0041
                 Mean entropy loss: 8.5352
                       Mean reward: -1.11
               Mean episode length: 360.00
Episode_Reward/end_effector_position_tracking: -0.0479
Episode_Reward/end_effector_position_tracking_fine_grained: 0.0069
Episode_Reward/end_effector_orientation_tracking: -0.0501
        Episode_Reward/action_rate: -0.0012
          Episode_Reward/joint_vel: -0.0024
            Curriculum/action_rate: -0.0001
              Curriculum/joint_vel: -0.0001
    Metrics/ee_pose/position_error: 0.2126
 Metrics/ee_pose/orientation_error: 0.3735
      Episode_Termination/time_out: 1.0000
--------------------------------------------------------------------------------
                   Total timesteps: 5210112
                    Iteration time: 0.27s
                      Time elapsed: 00:00:15
                               ETA: 00:00:13

################################################################################
                      [1m Learning iteration 53/100 [0m                       

                       Computation: 371370 steps/s (collection: 0.211s, learning 0.054s)
             Mean action noise std: 0.82
          Mean value_function loss: 0.0006
               Mean surrogate loss: -0.0032
                 Mean entropy loss: 8.5013
                       Mean reward: -1.14
               Mean episode length: 360.00
Episode_Reward/end_effector_position_tracking: -0.0474
Episode_Reward/end_effector_position_tracking_fine_grained: 0.0073
Episode_Reward/end_effector_orientation_tracking: -0.0508
        Episode_Reward/action_rate: -0.0012
          Episode_Reward/joint_vel: -0.0024
            Curriculum/action_rate: -0.0001
              Curriculum/joint_vel: -0.0001
    Metrics/ee_pose/position_error: 0.2148
 Metrics/ee_pose/orientation_error: 0.3752
      Episode_Termination/time_out: 1.0000
--------------------------------------------------------------------------------
                   Total timesteps: 5308416
                    Iteration time: 0.26s
                      Time elapsed: 00:00:15
                               ETA: 00:00:13

################################################################################
                      [1m Learning iteration 54/100 [0m                       

                       Computation: 380315 steps/s (collection: 0.203s, learning 0.055s)
             Mean action noise std: 0.81
          Mean value_function loss: 0.0006
               Mean surrogate loss: -0.0034
                 Mean entropy loss: 8.4695
                       Mean reward: -1.07
               Mean episode length: 360.00
Episode_Reward/end_effector_position_tracking: -0.0476
Episode_Reward/end_effector_position_tracking_fine_grained: 0.0075
Episode_Reward/end_effector_orientation_tracking: -0.0491
        Episode_Reward/action_rate: -0.0012
          Episode_Reward/joint_vel: -0.0024
            Curriculum/action_rate: -0.0001
              Curriculum/joint_vel: -0.0001
    Metrics/ee_pose/position_error: 0.2043
 Metrics/ee_pose/orientation_error: 0.3711
      Episode_Termination/time_out: 1.0000
--------------------------------------------------------------------------------
                   Total timesteps: 5406720
                    Iteration time: 0.26s
                      Time elapsed: 00:00:15
                               ETA: 00:00:13

################################################################################
                      [1m Learning iteration 55/100 [0m                       

                       Computation: 379645 steps/s (collection: 0.199s, learning 0.060s)
             Mean action noise std: 0.81
          Mean value_function loss: 0.0005
               Mean surrogate loss: -0.0034
                 Mean entropy loss: 8.4513
                       Mean reward: -1.02
               Mean episode length: 360.00
Episode_Reward/end_effector_position_tracking: -0.0446
Episode_Reward/end_effector_position_tracking_fine_grained: 0.0084
Episode_Reward/end_effector_orientation_tracking: -0.0457
        Episode_Reward/action_rate: -0.0012
          Episode_Reward/joint_vel: -0.0024
            Curriculum/action_rate: -0.0001
              Curriculum/joint_vel: -0.0001
    Metrics/ee_pose/position_error: 0.1935
 Metrics/ee_pose/orientation_error: 0.3665
      Episode_Termination/time_out: 1.0000
--------------------------------------------------------------------------------
                   Total timesteps: 5505024
                    Iteration time: 0.26s
                      Time elapsed: 00:00:15
                               ETA: 00:00:12

################################################################################
                      [1m Learning iteration 56/100 [0m                       

                       Computation: 367923 steps/s (collection: 0.210s, learning 0.057s)
             Mean action noise std: 0.81
          Mean value_function loss: 0.0005
               Mean surrogate loss: -0.0033
                 Mean entropy loss: 8.4264
                       Mean reward: -1.00
               Mean episode length: 360.00
Episode_Reward/end_effector_position_tracking: -0.0446
Episode_Reward/end_effector_position_tracking_fine_grained: 0.0083
Episode_Reward/end_effector_orientation_tracking: -0.0470
        Episode_Reward/action_rate: -0.0012
          Episode_Reward/joint_vel: -0.0024
            Curriculum/action_rate: -0.0001
              Curriculum/joint_vel: -0.0001
    Metrics/ee_pose/position_error: 0.1986
 Metrics/ee_pose/orientation_error: 0.3503
      Episode_Termination/time_out: 1.0000
--------------------------------------------------------------------------------
                   Total timesteps: 5603328
                    Iteration time: 0.27s
                      Time elapsed: 00:00:16
                               ETA: 00:00:12

################################################################################
                      [1m Learning iteration 57/100 [0m                       

                       Computation: 382135 steps/s (collection: 0.203s, learning 0.055s)
             Mean action noise std: 0.81
          Mean value_function loss: 0.0006
               Mean surrogate loss: -0.0038
                 Mean entropy loss: 8.4082
                       Mean reward: -0.98
               Mean episode length: 360.00
Episode_Reward/end_effector_position_tracking: -0.0453
Episode_Reward/end_effector_position_tracking_fine_grained: 0.0081
Episode_Reward/end_effector_orientation_tracking: -0.0456
        Episode_Reward/action_rate: -0.0012
          Episode_Reward/joint_vel: -0.0024
            Curriculum/action_rate: -0.0001
              Curriculum/joint_vel: -0.0001
    Metrics/ee_pose/position_error: 0.1981
 Metrics/ee_pose/orientation_error: 0.3388
      Episode_Termination/time_out: 1.0000
--------------------------------------------------------------------------------
                   Total timesteps: 5701632
                    Iteration time: 0.26s
                      Time elapsed: 00:00:16
                               ETA: 00:00:12

################################################################################
                      [1m Learning iteration 58/100 [0m                       

                       Computation: 377050 steps/s (collection: 0.204s, learning 0.057s)
             Mean action noise std: 0.80
          Mean value_function loss: 0.0006
               Mean surrogate loss: -0.0037
                 Mean entropy loss: 8.3968
                       Mean reward: -1.05
               Mean episode length: 360.00
Episode_Reward/end_effector_position_tracking: -0.0441
Episode_Reward/end_effector_position_tracking_fine_grained: 0.0085
Episode_Reward/end_effector_orientation_tracking: -0.0464
        Episode_Reward/action_rate: -0.0012
          Episode_Reward/joint_vel: -0.0024
            Curriculum/action_rate: -0.0001
              Curriculum/joint_vel: -0.0001
    Metrics/ee_pose/position_error: 0.1951
 Metrics/ee_pose/orientation_error: 0.3591
      Episode_Termination/time_out: 1.0000
--------------------------------------------------------------------------------
                   Total timesteps: 5799936
                    Iteration time: 0.26s
                      Time elapsed: 00:00:16
                               ETA: 00:00:11

################################################################################
                      [1m Learning iteration 59/100 [0m                       

                       Computation: 379884 steps/s (collection: 0.205s, learning 0.054s)
             Mean action noise std: 0.80
          Mean value_function loss: 0.0006
               Mean surrogate loss: -0.0027
                 Mean entropy loss: 8.3751
                       Mean reward: -0.99
               Mean episode length: 360.00
Episode_Reward/end_effector_position_tracking: -0.0439
Episode_Reward/end_effector_position_tracking_fine_grained: 0.0092
Episode_Reward/end_effector_orientation_tracking: -0.0457
        Episode_Reward/action_rate: -0.0012
          Episode_Reward/joint_vel: -0.0024
            Curriculum/action_rate: -0.0001
              Curriculum/joint_vel: -0.0001
    Metrics/ee_pose/position_error: 0.1842
 Metrics/ee_pose/orientation_error: 0.3446
      Episode_Termination/time_out: 1.0000
--------------------------------------------------------------------------------
                   Total timesteps: 5898240
                    Iteration time: 0.26s
                      Time elapsed: 00:00:16
                               ETA: 00:00:11

################################################################################
                      [1m Learning iteration 60/100 [0m                       

                       Computation: 378253 steps/s (collection: 0.206s, learning 0.054s)
             Mean action noise std: 0.80
          Mean value_function loss: 0.0005
               Mean surrogate loss: -0.0047
                 Mean entropy loss: 8.3443
                       Mean reward: -0.94
               Mean episode length: 360.00
Episode_Reward/end_effector_position_tracking: -0.0429
Episode_Reward/end_effector_position_tracking_fine_grained: 0.0097
Episode_Reward/end_effector_orientation_tracking: -0.0456
        Episode_Reward/action_rate: -0.0012
          Episode_Reward/joint_vel: -0.0024
            Curriculum/action_rate: -0.0001
              Curriculum/joint_vel: -0.0001
    Metrics/ee_pose/position_error: 0.1902
 Metrics/ee_pose/orientation_error: 0.3480
      Episode_Termination/time_out: 1.0000
--------------------------------------------------------------------------------
                   Total timesteps: 5996544
                    Iteration time: 0.26s
                      Time elapsed: 00:00:17
                               ETA: 00:00:11

################################################################################
                      [1m Learning iteration 61/100 [0m                       

                       Computation: 389284 steps/s (collection: 0.198s, learning 0.055s)
             Mean action noise std: 0.79
          Mean value_function loss: 0.0005
               Mean surrogate loss: -0.0032
                 Mean entropy loss: 8.2990
                       Mean reward: -0.94
               Mean episode length: 360.00
Episode_Reward/end_effector_position_tracking: -0.0434
Episode_Reward/end_effector_position_tracking_fine_grained: 0.0100
Episode_Reward/end_effector_orientation_tracking: -0.0448
        Episode_Reward/action_rate: -0.0011
          Episode_Reward/joint_vel: -0.0023
            Curriculum/action_rate: -0.0001
              Curriculum/joint_vel: -0.0001
    Metrics/ee_pose/position_error: 0.2019
 Metrics/ee_pose/orientation_error: 0.3611
      Episode_Termination/time_out: 1.0000
--------------------------------------------------------------------------------
                   Total timesteps: 6094848
                    Iteration time: 0.25s
                      Time elapsed: 00:00:17
                               ETA: 00:00:10

################################################################################
                      [1m Learning iteration 62/100 [0m                       

                       Computation: 383644 steps/s (collection: 0.202s, learning 0.054s)
             Mean action noise std: 0.79
          Mean value_function loss: 0.0005
               Mean surrogate loss: -0.0034
                 Mean entropy loss: 8.2650
                       Mean reward: -0.92
               Mean episode length: 360.00
Episode_Reward/end_effector_position_tracking: -0.0429
Episode_Reward/end_effector_position_tracking_fine_grained: 0.0100
Episode_Reward/end_effector_orientation_tracking: -0.0437
        Episode_Reward/action_rate: -0.0011
          Episode_Reward/joint_vel: -0.0024
            Curriculum/action_rate: -0.0001
              Curriculum/joint_vel: -0.0001
    Metrics/ee_pose/position_error: 0.1895
 Metrics/ee_pose/orientation_error: 0.3469
      Episode_Termination/time_out: 1.0000
--------------------------------------------------------------------------------
                   Total timesteps: 6193152
                    Iteration time: 0.26s
                      Time elapsed: 00:00:17
                               ETA: 00:00:10

################################################################################
                      [1m Learning iteration 63/100 [0m                       

                       Computation: 391015 steps/s (collection: 0.194s, learning 0.057s)
             Mean action noise std: 0.78
          Mean value_function loss: 0.0006
               Mean surrogate loss: -0.0036
                 Mean entropy loss: 8.2217
                       Mean reward: -0.99
               Mean episode length: 360.00
Episode_Reward/end_effector_position_tracking: -0.0425
Episode_Reward/end_effector_position_tracking_fine_grained: 0.0103
Episode_Reward/end_effector_orientation_tracking: -0.0446
        Episode_Reward/action_rate: -0.0011
          Episode_Reward/joint_vel: -0.0023
            Curriculum/action_rate: -0.0001
              Curriculum/joint_vel: -0.0001
    Metrics/ee_pose/position_error: 0.1816
 Metrics/ee_pose/orientation_error: 0.3429
      Episode_Termination/time_out: 1.0000
--------------------------------------------------------------------------------
                   Total timesteps: 6291456
                    Iteration time: 0.25s
                      Time elapsed: 00:00:17
                               ETA: 00:00:10

################################################################################
                      [1m Learning iteration 64/100 [0m                       

                       Computation: 363531 steps/s (collection: 0.214s, learning 0.056s)
             Mean action noise std: 0.78
          Mean value_function loss: 0.0005
               Mean surrogate loss: -0.0038
                 Mean entropy loss: 8.2035
                       Mean reward: -0.96
               Mean episode length: 360.00
Episode_Reward/end_effector_position_tracking: -0.0412
Episode_Reward/end_effector_position_tracking_fine_grained: 0.0107
Episode_Reward/end_effector_orientation_tracking: -0.0435
        Episode_Reward/action_rate: -0.0011
          Episode_Reward/joint_vel: -0.0023
            Curriculum/action_rate: -0.0001
              Curriculum/joint_vel: -0.0001
    Metrics/ee_pose/position_error: 0.1870
 Metrics/ee_pose/orientation_error: 0.3298
      Episode_Termination/time_out: 1.0000
--------------------------------------------------------------------------------
                   Total timesteps: 6389760
                    Iteration time: 0.27s
                      Time elapsed: 00:00:18
                               ETA: 00:00:10

################################################################################
                      [1m Learning iteration 65/100 [0m                       

                       Computation: 379758 steps/s (collection: 0.206s, learning 0.053s)
             Mean action noise std: 0.78
          Mean value_function loss: 0.0005
               Mean surrogate loss: -0.0032
                 Mean entropy loss: 8.1817
                       Mean reward: -0.90
               Mean episode length: 360.00
Episode_Reward/end_effector_position_tracking: -0.0406
Episode_Reward/end_effector_position_tracking_fine_grained: 0.0114
Episode_Reward/end_effector_orientation_tracking: -0.0445
        Episode_Reward/action_rate: -0.0011
          Episode_Reward/joint_vel: -0.0023
            Curriculum/action_rate: -0.0001
              Curriculum/joint_vel: -0.0001
    Metrics/ee_pose/position_error: 0.1843
 Metrics/ee_pose/orientation_error: 0.3573
      Episode_Termination/time_out: 1.0000
--------------------------------------------------------------------------------
                   Total timesteps: 6488064
                    Iteration time: 0.26s
                      Time elapsed: 00:00:18
                               ETA: 00:00:09

################################################################################
                      [1m Learning iteration 66/100 [0m                       

                       Computation: 367831 steps/s (collection: 0.208s, learning 0.059s)
             Mean action noise std: 0.77
          Mean value_function loss: 0.0005
               Mean surrogate loss: -0.0033
                 Mean entropy loss: 8.1373
                       Mean reward: -0.92
               Mean episode length: 360.00
Episode_Reward/end_effector_position_tracking: -0.0405
Episode_Reward/end_effector_position_tracking_fine_grained: 0.0116
Episode_Reward/end_effector_orientation_tracking: -0.0447
        Episode_Reward/action_rate: -0.0011
          Episode_Reward/joint_vel: -0.0023
            Curriculum/action_rate: -0.0001
              Curriculum/joint_vel: -0.0001
    Metrics/ee_pose/position_error: 0.1750
 Metrics/ee_pose/orientation_error: 0.3251
      Episode_Termination/time_out: 1.0000
--------------------------------------------------------------------------------
                   Total timesteps: 6586368
                    Iteration time: 0.27s
                      Time elapsed: 00:00:18
                               ETA: 00:00:09

################################################################################
                      [1m Learning iteration 67/100 [0m                       

                       Computation: 384490 steps/s (collection: 0.202s, learning 0.054s)
             Mean action noise std: 0.77
          Mean value_function loss: 0.0004
               Mean surrogate loss: -0.0031
                 Mean entropy loss: 8.1114
                       Mean reward: -0.85
               Mean episode length: 360.00
Episode_Reward/end_effector_position_tracking: -0.0400
Episode_Reward/end_effector_position_tracking_fine_grained: 0.0122
Episode_Reward/end_effector_orientation_tracking: -0.0434
        Episode_Reward/action_rate: -0.0011
          Episode_Reward/joint_vel: -0.0023
            Curriculum/action_rate: -0.0001
              Curriculum/joint_vel: -0.0001
    Metrics/ee_pose/position_error: 0.1737
 Metrics/ee_pose/orientation_error: 0.3507
      Episode_Termination/time_out: 1.0000
--------------------------------------------------------------------------------
                   Total timesteps: 6684672
                    Iteration time: 0.26s
                      Time elapsed: 00:00:18
                               ETA: 00:00:09

################################################################################
                      [1m Learning iteration 68/100 [0m                       

                       Computation: 372005 steps/s (collection: 0.206s, learning 0.059s)
             Mean action noise std: 0.77
          Mean value_function loss: 0.0005
               Mean surrogate loss: -0.0032
                 Mean entropy loss: 8.0913
                       Mean reward: -0.88
               Mean episode length: 360.00
Episode_Reward/end_effector_position_tracking: -0.0399
Episode_Reward/end_effector_position_tracking_fine_grained: 0.0119
Episode_Reward/end_effector_orientation_tracking: -0.0435
        Episode_Reward/action_rate: -0.0011
          Episode_Reward/joint_vel: -0.0023
            Curriculum/action_rate: -0.0001
              Curriculum/joint_vel: -0.0001
    Metrics/ee_pose/position_error: 0.1816
 Metrics/ee_pose/orientation_error: 0.3570
      Episode_Termination/time_out: 1.0000
--------------------------------------------------------------------------------
                   Total timesteps: 6782976
                    Iteration time: 0.26s
                      Time elapsed: 00:00:19
                               ETA: 00:00:08

################################################################################
                      [1m Learning iteration 69/100 [0m                       

                       Computation: 393470 steps/s (collection: 0.197s, learning 0.053s)
             Mean action noise std: 0.77
          Mean value_function loss: 0.0006
               Mean surrogate loss: -0.0032
                 Mean entropy loss: 8.0485
                       Mean reward: -0.89
               Mean episode length: 360.00
Episode_Reward/end_effector_position_tracking: -0.0386
Episode_Reward/end_effector_position_tracking_fine_grained: 0.0127
Episode_Reward/end_effector_orientation_tracking: -0.0440
        Episode_Reward/action_rate: -0.0011
          Episode_Reward/joint_vel: -0.0023
            Curriculum/action_rate: -0.0001
              Curriculum/joint_vel: -0.0001
    Metrics/ee_pose/position_error: 0.1580
 Metrics/ee_pose/orientation_error: 0.3668
      Episode_Termination/time_out: 1.0000
--------------------------------------------------------------------------------
                   Total timesteps: 6881280
                    Iteration time: 0.25s
                      Time elapsed: 00:00:19
                               ETA: 00:00:08

################################################################################
                      [1m Learning iteration 70/100 [0m                       

                       Computation: 367379 steps/s (collection: 0.213s, learning 0.054s)
             Mean action noise std: 0.76
          Mean value_function loss: 0.0005
               Mean surrogate loss: -0.0044
                 Mean entropy loss: 8.0195
                       Mean reward: -0.85
               Mean episode length: 360.00
Episode_Reward/end_effector_position_tracking: -0.0390
Episode_Reward/end_effector_position_tracking_fine_grained: 0.0126
Episode_Reward/end_effector_orientation_tracking: -0.0445
        Episode_Reward/action_rate: -0.0011
          Episode_Reward/joint_vel: -0.0023
            Curriculum/action_rate: -0.0001
              Curriculum/joint_vel: -0.0001
    Metrics/ee_pose/position_error: 0.1678
 Metrics/ee_pose/orientation_error: 0.3587
      Episode_Termination/time_out: 1.0000
--------------------------------------------------------------------------------
                   Total timesteps: 6979584
                    Iteration time: 0.27s
                      Time elapsed: 00:00:19
                               ETA: 00:00:08

################################################################################
                      [1m Learning iteration 71/100 [0m                       

                       Computation: 389838 steps/s (collection: 0.189s, learning 0.064s)
             Mean action noise std: 0.76
          Mean value_function loss: 0.0005
               Mean surrogate loss: -0.0034
                 Mean entropy loss: 7.9908
                       Mean reward: -0.84
               Mean episode length: 360.00
Episode_Reward/end_effector_position_tracking: -0.0376
Episode_Reward/end_effector_position_tracking_fine_grained: 0.0136
Episode_Reward/end_effector_orientation_tracking: -0.0429
        Episode_Reward/action_rate: -0.0011
          Episode_Reward/joint_vel: -0.0023
            Curriculum/action_rate: -0.0001
              Curriculum/joint_vel: -0.0001
    Metrics/ee_pose/position_error: 0.1689
 Metrics/ee_pose/orientation_error: 0.3525
      Episode_Termination/time_out: 1.0000
--------------------------------------------------------------------------------
                   Total timesteps: 7077888
                    Iteration time: 0.25s
                      Time elapsed: 00:00:20
                               ETA: 00:00:08

################################################################################
                      [1m Learning iteration 72/100 [0m                       

                       Computation: 390864 steps/s (collection: 0.198s, learning 0.054s)
             Mean action noise std: 0.76
          Mean value_function loss: 0.0005
               Mean surrogate loss: -0.0030
                 Mean entropy loss: 7.9718
                       Mean reward: -0.78
               Mean episode length: 360.00
Episode_Reward/end_effector_position_tracking: -0.0364
Episode_Reward/end_effector_position_tracking_fine_grained: 0.0146
Episode_Reward/end_effector_orientation_tracking: -0.0419
        Episode_Reward/action_rate: -0.0011
          Episode_Reward/joint_vel: -0.0023
            Curriculum/action_rate: -0.0001
              Curriculum/joint_vel: -0.0001
    Metrics/ee_pose/position_error: 0.1517
 Metrics/ee_pose/orientation_error: 0.3400
      Episode_Termination/time_out: 1.0000
--------------------------------------------------------------------------------
                   Total timesteps: 7176192
                    Iteration time: 0.25s
                      Time elapsed: 00:00:20
                               ETA: 00:00:07

################################################################################
                      [1m Learning iteration 73/100 [0m                       

                       Computation: 406355 steps/s (collection: 0.188s, learning 0.054s)
             Mean action noise std: 0.75
          Mean value_function loss: 0.0006
               Mean surrogate loss: -0.0031
                 Mean entropy loss: 7.9502
                       Mean reward: -0.79
               Mean episode length: 360.00
Episode_Reward/end_effector_position_tracking: -0.0358
Episode_Reward/end_effector_position_tracking_fine_grained: 0.0147
Episode_Reward/end_effector_orientation_tracking: -0.0419
        Episode_Reward/action_rate: -0.0011
          Episode_Reward/joint_vel: -0.0023
            Curriculum/action_rate: -0.0001
              Curriculum/joint_vel: -0.0001
    Metrics/ee_pose/position_error: 0.1597
 Metrics/ee_pose/orientation_error: 0.3411
      Episode_Termination/time_out: 1.0000
--------------------------------------------------------------------------------
                   Total timesteps: 7274496
                    Iteration time: 0.24s
                      Time elapsed: 00:00:20
                               ETA: 00:00:07

################################################################################
                      [1m Learning iteration 74/100 [0m                       

                       Computation: 371181 steps/s (collection: 0.208s, learning 0.056s)
             Mean action noise std: 0.75
          Mean value_function loss: 0.0005
               Mean surrogate loss: -0.0027
                 Mean entropy loss: 7.9213
                       Mean reward: -0.78
               Mean episode length: 360.00
Episode_Reward/end_effector_position_tracking: -0.0353
Episode_Reward/end_effector_position_tracking_fine_grained: 0.0154
Episode_Reward/end_effector_orientation_tracking: -0.0411
        Episode_Reward/action_rate: -0.0011
          Episode_Reward/joint_vel: -0.0023
            Curriculum/action_rate: -0.0001
              Curriculum/joint_vel: -0.0001
    Metrics/ee_pose/position_error: 0.1562
 Metrics/ee_pose/orientation_error: 0.3129
      Episode_Termination/time_out: 1.0000
--------------------------------------------------------------------------------
                   Total timesteps: 7372800
                    Iteration time: 0.26s
                      Time elapsed: 00:00:20
                               ETA: 00:00:07

################################################################################
                      [1m Learning iteration 75/100 [0m                       

                       Computation: 393703 steps/s (collection: 0.197s, learning 0.053s)
             Mean action noise std: 0.75
          Mean value_function loss: 0.0005
               Mean surrogate loss: -0.0025
                 Mean entropy loss: 7.9093
                       Mean reward: -0.80
               Mean episode length: 360.00
Episode_Reward/end_effector_position_tracking: -0.0360
Episode_Reward/end_effector_position_tracking_fine_grained: 0.0152
Episode_Reward/end_effector_orientation_tracking: -0.0415
        Episode_Reward/action_rate: -0.0011
          Episode_Reward/joint_vel: -0.0023
            Curriculum/action_rate: -0.0001
              Curriculum/joint_vel: -0.0001
    Metrics/ee_pose/position_error: 0.1507
 Metrics/ee_pose/orientation_error: 0.3310
      Episode_Termination/time_out: 1.0000
--------------------------------------------------------------------------------
                   Total timesteps: 7471104
                    Iteration time: 0.25s
                      Time elapsed: 00:00:21
                               ETA: 00:00:06

################################################################################
                      [1m Learning iteration 76/100 [0m                       

                       Computation: 401591 steps/s (collection: 0.189s, learning 0.056s)
             Mean action noise std: 0.75
          Mean value_function loss: 0.0006
               Mean surrogate loss: -0.0028
                 Mean entropy loss: 7.8947
                       Mean reward: -0.73
               Mean episode length: 360.00
Episode_Reward/end_effector_position_tracking: -0.0360
Episode_Reward/end_effector_position_tracking_fine_grained: 0.0148
Episode_Reward/end_effector_orientation_tracking: -0.0410
        Episode_Reward/action_rate: -0.0011
          Episode_Reward/joint_vel: -0.0023
            Curriculum/action_rate: -0.0001
              Curriculum/joint_vel: -0.0001
    Metrics/ee_pose/position_error: 0.1568
 Metrics/ee_pose/orientation_error: 0.3424
      Episode_Termination/time_out: 1.0000
--------------------------------------------------------------------------------
                   Total timesteps: 7569408
                    Iteration time: 0.24s
                      Time elapsed: 00:00:21
                               ETA: 00:00:06

################################################################################
                      [1m Learning iteration 77/100 [0m                       

                       Computation: 386534 steps/s (collection: 0.201s, learning 0.053s)
             Mean action noise std: 0.74
          Mean value_function loss: 0.0005
               Mean surrogate loss: -0.0030
                 Mean entropy loss: 7.8493
                       Mean reward: -0.78
               Mean episode length: 360.00
Episode_Reward/end_effector_position_tracking: -0.0356
Episode_Reward/end_effector_position_tracking_fine_grained: 0.0155
Episode_Reward/end_effector_orientation_tracking: -0.0419
        Episode_Reward/action_rate: -0.0011
          Episode_Reward/joint_vel: -0.0023
            Curriculum/action_rate: -0.0001
              Curriculum/joint_vel: -0.0001
    Metrics/ee_pose/position_error: 0.1597
 Metrics/ee_pose/orientation_error: 0.3314
      Episode_Termination/time_out: 1.0000
--------------------------------------------------------------------------------
                   Total timesteps: 7667712
                    Iteration time: 0.25s
                      Time elapsed: 00:00:21
                               ETA: 00:00:06

################################################################################
                      [1m Learning iteration 78/100 [0m                       

                       Computation: 409942 steps/s (collection: 0.187s, learning 0.053s)
             Mean action noise std: 0.74
          Mean value_function loss: 0.0005
               Mean surrogate loss: -0.0038
                 Mean entropy loss: 7.8142
                       Mean reward: -0.77
               Mean episode length: 360.00
Episode_Reward/end_effector_position_tracking: -0.0351
Episode_Reward/end_effector_position_tracking_fine_grained: 0.0156
Episode_Reward/end_effector_orientation_tracking: -0.0423
        Episode_Reward/action_rate: -0.0011
          Episode_Reward/joint_vel: -0.0023
            Curriculum/action_rate: -0.0001
              Curriculum/joint_vel: -0.0001
    Metrics/ee_pose/position_error: 0.1543
 Metrics/ee_pose/orientation_error: 0.3354
      Episode_Termination/time_out: 1.0000
--------------------------------------------------------------------------------
                   Total timesteps: 7766016
                    Iteration time: 0.24s
                      Time elapsed: 00:00:21
                               ETA: 00:00:06

################################################################################
                      [1m Learning iteration 79/100 [0m                       

                       Computation: 385349 steps/s (collection: 0.201s, learning 0.054s)
             Mean action noise std: 0.74
          Mean value_function loss: 0.0006
               Mean surrogate loss: -0.0028
                 Mean entropy loss: 7.7769
                       Mean reward: -0.71
               Mean episode length: 360.00
Episode_Reward/end_effector_position_tracking: -0.0340
Episode_Reward/end_effector_position_tracking_fine_grained: 0.0170
Episode_Reward/end_effector_orientation_tracking: -0.0420
        Episode_Reward/action_rate: -0.0011
          Episode_Reward/joint_vel: -0.0023
            Curriculum/action_rate: -0.0001
              Curriculum/joint_vel: -0.0001
    Metrics/ee_pose/position_error: 0.1453
 Metrics/ee_pose/orientation_error: 0.3440
      Episode_Termination/time_out: 1.0000
--------------------------------------------------------------------------------
                   Total timesteps: 7864320
                    Iteration time: 0.26s
                      Time elapsed: 00:00:22
                               ETA: 00:00:05

################################################################################
                      [1m Learning iteration 80/100 [0m                       

                       Computation: 390823 steps/s (collection: 0.198s, learning 0.053s)
             Mean action noise std: 0.74
          Mean value_function loss: 0.0005
               Mean surrogate loss: -0.0029
                 Mean entropy loss: 7.7728
                       Mean reward: -0.73
               Mean episode length: 360.00
Episode_Reward/end_effector_position_tracking: -0.0332
Episode_Reward/end_effector_position_tracking_fine_grained: 0.0176
Episode_Reward/end_effector_orientation_tracking: -0.0421
        Episode_Reward/action_rate: -0.0011
          Episode_Reward/joint_vel: -0.0023
            Curriculum/action_rate: -0.0001
              Curriculum/joint_vel: -0.0001
    Metrics/ee_pose/position_error: 0.1307
 Metrics/ee_pose/orientation_error: 0.3306
      Episode_Termination/time_out: 1.0000
--------------------------------------------------------------------------------
                   Total timesteps: 7962624
                    Iteration time: 0.25s
                      Time elapsed: 00:00:22
                               ETA: 00:00:05

################################################################################
                      [1m Learning iteration 81/100 [0m                       

                       Computation: 409722 steps/s (collection: 0.187s, learning 0.053s)
             Mean action noise std: 0.73
          Mean value_function loss: 0.0006
               Mean surrogate loss: -0.0036
                 Mean entropy loss: 7.7148
                       Mean reward: -0.76
               Mean episode length: 360.00
Episode_Reward/end_effector_position_tracking: -0.0333
Episode_Reward/end_effector_position_tracking_fine_grained: 0.0178
Episode_Reward/end_effector_orientation_tracking: -0.0431
        Episode_Reward/action_rate: -0.0011
          Episode_Reward/joint_vel: -0.0023
            Curriculum/action_rate: -0.0001
              Curriculum/joint_vel: -0.0001
    Metrics/ee_pose/position_error: 0.1330
 Metrics/ee_pose/orientation_error: 0.3520
      Episode_Termination/time_out: 1.0000
--------------------------------------------------------------------------------
                   Total timesteps: 8060928
                    Iteration time: 0.24s
                      Time elapsed: 00:00:22
                               ETA: 00:00:05

################################################################################
                      [1m Learning iteration 82/100 [0m                       

                       Computation: 388867 steps/s (collection: 0.197s, learning 0.056s)
             Mean action noise std: 0.73
          Mean value_function loss: 0.0006
               Mean surrogate loss: -0.0024
                 Mean entropy loss: 7.7075
                       Mean reward: -0.65
               Mean episode length: 360.00
Episode_Reward/end_effector_position_tracking: -0.0313
Episode_Reward/end_effector_position_tracking_fine_grained: 0.0199
Episode_Reward/end_effector_orientation_tracking: -0.0414
        Episode_Reward/action_rate: -0.0011
          Episode_Reward/joint_vel: -0.0023
            Curriculum/action_rate: -0.0001
              Curriculum/joint_vel: -0.0001
    Metrics/ee_pose/position_error: 0.1271
 Metrics/ee_pose/orientation_error: 0.3138
      Episode_Termination/time_out: 1.0000
--------------------------------------------------------------------------------
                   Total timesteps: 8159232
                    Iteration time: 0.25s
                      Time elapsed: 00:00:22
                               ETA: 00:00:04

################################################################################
                      [1m Learning iteration 83/100 [0m                       

                       Computation: 402653 steps/s (collection: 0.190s, learning 0.054s)
             Mean action noise std: 0.73
          Mean value_function loss: 0.0006
               Mean surrogate loss: -0.0037
                 Mean entropy loss: 7.6721
                       Mean reward: -0.72
               Mean episode length: 360.00
Episode_Reward/end_effector_position_tracking: -0.0317
Episode_Reward/end_effector_position_tracking_fine_grained: 0.0190
Episode_Reward/end_effector_orientation_tracking: -0.0433
        Episode_Reward/action_rate: -0.0010
          Episode_Reward/joint_vel: -0.0023
            Curriculum/action_rate: -0.0001
              Curriculum/joint_vel: -0.0001
    Metrics/ee_pose/position_error: 0.1201
 Metrics/ee_pose/orientation_error: 0.3684
      Episode_Termination/time_out: 1.0000
--------------------------------------------------------------------------------
                   Total timesteps: 8257536
                    Iteration time: 0.24s
                      Time elapsed: 00:00:23
                               ETA: 00:00:04

################################################################################
                      [1m Learning iteration 84/100 [0m                       

                       Computation: 412682 steps/s (collection: 0.185s, learning 0.053s)
             Mean action noise std: 0.72
          Mean value_function loss: 0.0007
               Mean surrogate loss: -0.0031
                 Mean entropy loss: 7.6544
                       Mean reward: -0.66
               Mean episode length: 360.00
Episode_Reward/end_effector_position_tracking: -0.0306
Episode_Reward/end_effector_position_tracking_fine_grained: 0.0199
Episode_Reward/end_effector_orientation_tracking: -0.0424
        Episode_Reward/action_rate: -0.0011
          Episode_Reward/joint_vel: -0.0023
            Curriculum/action_rate: -0.0001
              Curriculum/joint_vel: -0.0001
    Metrics/ee_pose/position_error: 0.1205
 Metrics/ee_pose/orientation_error: 0.3706
      Episode_Termination/time_out: 1.0000
--------------------------------------------------------------------------------
                   Total timesteps: 8355840
                    Iteration time: 0.24s
                      Time elapsed: 00:00:23
                               ETA: 00:00:04

################################################################################
                      [1m Learning iteration 85/100 [0m                       

                       Computation: 383580 steps/s (collection: 0.199s, learning 0.057s)
             Mean action noise std: 0.72
          Mean value_function loss: 0.0005
               Mean surrogate loss: -0.0036
                 Mean entropy loss: 7.5898
                       Mean reward: -0.69
               Mean episode length: 360.00
Episode_Reward/end_effector_position_tracking: -0.0312
Episode_Reward/end_effector_position_tracking_fine_grained: 0.0197
Episode_Reward/end_effector_orientation_tracking: -0.0436
        Episode_Reward/action_rate: -0.0010
          Episode_Reward/joint_vel: -0.0023
            Curriculum/action_rate: -0.0001
              Curriculum/joint_vel: -0.0001
    Metrics/ee_pose/position_error: 0.1261
 Metrics/ee_pose/orientation_error: 0.3710
      Episode_Termination/time_out: 1.0000
--------------------------------------------------------------------------------
                   Total timesteps: 8454144
                    Iteration time: 0.26s
                      Time elapsed: 00:00:23
                               ETA: 00:00:04

################################################################################
                      [1m Learning iteration 86/100 [0m                       

                       Computation: 405368 steps/s (collection: 0.186s, learning 0.057s)
             Mean action noise std: 0.72
          Mean value_function loss: 0.0006
               Mean surrogate loss: -0.0038
                 Mean entropy loss: 7.5738
                       Mean reward: -0.66
               Mean episode length: 360.00
Episode_Reward/end_effector_position_tracking: -0.0309
Episode_Reward/end_effector_position_tracking_fine_grained: 0.0201
Episode_Reward/end_effector_orientation_tracking: -0.0430
        Episode_Reward/action_rate: -0.0010
          Episode_Reward/joint_vel: -0.0023
            Curriculum/action_rate: -0.0001
              Curriculum/joint_vel: -0.0001
    Metrics/ee_pose/position_error: 0.1334
 Metrics/ee_pose/orientation_error: 0.3531
      Episode_Termination/time_out: 1.0000
--------------------------------------------------------------------------------
                   Total timesteps: 8552448
                    Iteration time: 0.24s
                      Time elapsed: 00:00:23
                               ETA: 00:00:03

################################################################################
                      [1m Learning iteration 87/100 [0m                       

                       Computation: 413706 steps/s (collection: 0.184s, learning 0.053s)
             Mean action noise std: 0.71
          Mean value_function loss: 0.0006
               Mean surrogate loss: -0.0028
                 Mean entropy loss: 7.5524
                       Mean reward: -0.75
               Mean episode length: 360.00
Episode_Reward/end_effector_position_tracking: -0.0312
Episode_Reward/end_effector_position_tracking_fine_grained: 0.0199
Episode_Reward/end_effector_orientation_tracking: -0.0449
        Episode_Reward/action_rate: -0.0010
          Episode_Reward/joint_vel: -0.0023
            Curriculum/action_rate: -0.0001
              Curriculum/joint_vel: -0.0001
    Metrics/ee_pose/position_error: 0.1168
 Metrics/ee_pose/orientation_error: 0.3491
      Episode_Termination/time_out: 1.0000
--------------------------------------------------------------------------------
                   Total timesteps: 8650752
                    Iteration time: 0.24s
                      Time elapsed: 00:00:23
                               ETA: 00:00:03

################################################################################
                      [1m Learning iteration 88/100 [0m                       

                       Computation: 386613 steps/s (collection: 0.200s, learning 0.054s)
             Mean action noise std: 0.71
          Mean value_function loss: 0.0006
               Mean surrogate loss: -0.0029
                 Mean entropy loss: 7.5270
                       Mean reward: -0.62
               Mean episode length: 360.00
Episode_Reward/end_effector_position_tracking: -0.0281
Episode_Reward/end_effector_position_tracking_fine_grained: 0.0229
Episode_Reward/end_effector_orientation_tracking: -0.0421
        Episode_Reward/action_rate: -0.0010
          Episode_Reward/joint_vel: -0.0023
            Curriculum/action_rate: -0.0001
              Curriculum/joint_vel: -0.0001
    Metrics/ee_pose/position_error: 0.1174
 Metrics/ee_pose/orientation_error: 0.3476
      Episode_Termination/time_out: 1.0000
--------------------------------------------------------------------------------
                   Total timesteps: 8749056
                    Iteration time: 0.25s
                      Time elapsed: 00:00:24
                               ETA: 00:00:03

################################################################################
                      [1m Learning iteration 89/100 [0m                       

                       Computation: 394875 steps/s (collection: 0.196s, learning 0.053s)
             Mean action noise std: 0.71
          Mean value_function loss: 0.0006
               Mean surrogate loss: -0.0028
                 Mean entropy loss: 7.4663
                       Mean reward: -0.66
               Mean episode length: 360.00
Episode_Reward/end_effector_position_tracking: -0.0285
Episode_Reward/end_effector_position_tracking_fine_grained: 0.0226
Episode_Reward/end_effector_orientation_tracking: -0.0433
        Episode_Reward/action_rate: -0.0010
          Episode_Reward/joint_vel: -0.0023
            Curriculum/action_rate: -0.0001
              Curriculum/joint_vel: -0.0001
    Metrics/ee_pose/position_error: 0.1231
 Metrics/ee_pose/orientation_error: 0.3418
      Episode_Termination/time_out: 1.0000
--------------------------------------------------------------------------------
                   Total timesteps: 8847360
                    Iteration time: 0.25s
                      Time elapsed: 00:00:24
                               ETA: 00:00:02

################################################################################
                      [1m Learning iteration 90/100 [0m                       

                       Computation: 404082 steps/s (collection: 0.188s, learning 0.055s)
             Mean action noise std: 0.70
          Mean value_function loss: 0.0006
               Mean surrogate loss: -0.0028
                 Mean entropy loss: 7.4397
                       Mean reward: -0.59
               Mean episode length: 360.00
Episode_Reward/end_effector_position_tracking: -0.0282
Episode_Reward/end_effector_position_tracking_fine_grained: 0.0230
Episode_Reward/end_effector_orientation_tracking: -0.0431
        Episode_Reward/action_rate: -0.0010
          Episode_Reward/joint_vel: -0.0023
            Curriculum/action_rate: -0.0001
              Curriculum/joint_vel: -0.0001
    Metrics/ee_pose/position_error: 0.1190
 Metrics/ee_pose/orientation_error: 0.3599
      Episode_Termination/time_out: 1.0000
--------------------------------------------------------------------------------
                   Total timesteps: 8945664
                    Iteration time: 0.24s
                      Time elapsed: 00:00:24
                               ETA: 00:00:02

################################################################################
                      [1m Learning iteration 91/100 [0m                       

                       Computation: 378236 steps/s (collection: 0.193s, learning 0.067s)
             Mean action noise std: 0.70
          Mean value_function loss: 0.0006
               Mean surrogate loss: -0.0039
                 Mean entropy loss: 7.4098
                       Mean reward: -0.58
               Mean episode length: 360.00
Episode_Reward/end_effector_position_tracking: -0.0278
Episode_Reward/end_effector_position_tracking_fine_grained: 0.0240
Episode_Reward/end_effector_orientation_tracking: -0.0438
        Episode_Reward/action_rate: -0.0010
          Episode_Reward/joint_vel: -0.0023
            Curriculum/action_rate: -0.0001
              Curriculum/joint_vel: -0.0001
    Metrics/ee_pose/position_error: 0.1124
 Metrics/ee_pose/orientation_error: 0.3358
      Episode_Termination/time_out: 1.0000
--------------------------------------------------------------------------------
                   Total timesteps: 9043968
                    Iteration time: 0.26s
                      Time elapsed: 00:00:25
                               ETA: 00:00:02

################################################################################
                      [1m Learning iteration 92/100 [0m                       

                       Computation: 390334 steps/s (collection: 0.196s, learning 0.056s)
             Mean action noise std: 0.70
          Mean value_function loss: 0.0006
               Mean surrogate loss: -0.0029
                 Mean entropy loss: 7.3737
                       Mean reward: -0.60
               Mean episode length: 360.00
Episode_Reward/end_effector_position_tracking: -0.0277
Episode_Reward/end_effector_position_tracking_fine_grained: 0.0240
Episode_Reward/end_effector_orientation_tracking: -0.0436
        Episode_Reward/action_rate: -0.0010
          Episode_Reward/joint_vel: -0.0023
            Curriculum/action_rate: -0.0001
              Curriculum/joint_vel: -0.0001
    Metrics/ee_pose/position_error: 0.1097
 Metrics/ee_pose/orientation_error: 0.3432
      Episode_Termination/time_out: 1.0000
--------------------------------------------------------------------------------
                   Total timesteps: 9142272
                    Iteration time: 0.25s
                      Time elapsed: 00:00:25
                               ETA: 00:00:02

################################################################################
                      [1m Learning iteration 93/100 [0m                       

                       Computation: 417072 steps/s (collection: 0.181s, learning 0.054s)
             Mean action noise std: 0.69
          Mean value_function loss: 0.0005
               Mean surrogate loss: -0.0023
                 Mean entropy loss: 7.3564
                       Mean reward: -0.58
               Mean episode length: 360.00
Episode_Reward/end_effector_position_tracking: -0.0268
Episode_Reward/end_effector_position_tracking_fine_grained: 0.0254
Episode_Reward/end_effector_orientation_tracking: -0.0430
        Episode_Reward/action_rate: -0.0010
          Episode_Reward/joint_vel: -0.0023
            Curriculum/action_rate: -0.0001
              Curriculum/joint_vel: -0.0001
    Metrics/ee_pose/position_error: 0.1108
 Metrics/ee_pose/orientation_error: 0.3466
      Episode_Termination/time_out: 1.0000
--------------------------------------------------------------------------------
                   Total timesteps: 9240576
                    Iteration time: 0.24s
                      Time elapsed: 00:00:25
                               ETA: 00:00:01

################################################################################
                      [1m Learning iteration 94/100 [0m                       

                       Computation: 383102 steps/s (collection: 0.202s, learning 0.054s)
             Mean action noise std: 0.69
          Mean value_function loss: 0.0006
               Mean surrogate loss: -0.0025
                 Mean entropy loss: 7.3586
                       Mean reward: -0.53
               Mean episode length: 360.00
Episode_Reward/end_effector_position_tracking: -0.0260
Episode_Reward/end_effector_position_tracking_fine_grained: 0.0261
Episode_Reward/end_effector_orientation_tracking: -0.0423
        Episode_Reward/action_rate: -0.0010
          Episode_Reward/joint_vel: -0.0023
            Curriculum/action_rate: -0.0001
              Curriculum/joint_vel: -0.0001
    Metrics/ee_pose/position_error: 0.1061
 Metrics/ee_pose/orientation_error: 0.3399
      Episode_Termination/time_out: 1.0000
--------------------------------------------------------------------------------
                   Total timesteps: 9338880
                    Iteration time: 0.26s
                      Time elapsed: 00:00:25
                               ETA: 00:00:01

################################################################################
                      [1m Learning iteration 95/100 [0m                       

                       Computation: 391766 steps/s (collection: 0.198s, learning 0.053s)
             Mean action noise std: 0.69
          Mean value_function loss: 0.0005
               Mean surrogate loss: -0.0033
                 Mean entropy loss: 7.2953
                       Mean reward: -0.51
               Mean episode length: 360.00
Episode_Reward/end_effector_position_tracking: -0.0254
Episode_Reward/end_effector_position_tracking_fine_grained: 0.0272
Episode_Reward/end_effector_orientation_tracking: -0.0423
        Episode_Reward/action_rate: -0.0010
          Episode_Reward/joint_vel: -0.0023
            Curriculum/action_rate: -0.0001
              Curriculum/joint_vel: -0.0001
    Metrics/ee_pose/position_error: 0.0956
 Metrics/ee_pose/orientation_error: 0.3437
      Episode_Termination/time_out: 1.0000
--------------------------------------------------------------------------------
                   Total timesteps: 9437184
                    Iteration time: 0.25s
                      Time elapsed: 00:00:25
                               ETA: 00:00:01

################################################################################
                      [1m Learning iteration 96/100 [0m                       

                       Computation: 411512 steps/s (collection: 0.184s, learning 0.055s)
             Mean action noise std: 0.69
          Mean value_function loss: 0.0006
               Mean surrogate loss: -0.0023
                 Mean entropy loss: 7.2769
                       Mean reward: -0.51
               Mean episode length: 360.00
Episode_Reward/end_effector_position_tracking: -0.0248
Episode_Reward/end_effector_position_tracking_fine_grained: 0.0270
Episode_Reward/end_effector_orientation_tracking: -0.0431
        Episode_Reward/action_rate: -0.0010
          Episode_Reward/joint_vel: -0.0023
            Curriculum/action_rate: -0.0001
              Curriculum/joint_vel: -0.0001
    Metrics/ee_pose/position_error: 0.1012
 Metrics/ee_pose/orientation_error: 0.3423
      Episode_Termination/time_out: 1.0000
--------------------------------------------------------------------------------
                   Total timesteps: 9535488
                    Iteration time: 0.24s
                      Time elapsed: 00:00:26
                               ETA: 00:00:01

################################################################################
                      [1m Learning iteration 97/100 [0m                       

                       Computation: 391925 steps/s (collection: 0.194s, learning 0.057s)
             Mean action noise std: 0.68
          Mean value_function loss: 0.0006
               Mean surrogate loss: -0.0032
                 Mean entropy loss: 7.2138
                       Mean reward: -0.53
               Mean episode length: 360.00
Episode_Reward/end_effector_position_tracking: -0.0249
Episode_Reward/end_effector_position_tracking_fine_grained: 0.0282
Episode_Reward/end_effector_orientation_tracking: -0.0434
        Episode_Reward/action_rate: -0.0010
          Episode_Reward/joint_vel: -0.0023
            Curriculum/action_rate: -0.0001
              Curriculum/joint_vel: -0.0001
    Metrics/ee_pose/position_error: 0.1030
 Metrics/ee_pose/orientation_error: 0.3512
      Episode_Termination/time_out: 1.0000
--------------------------------------------------------------------------------
                   Total timesteps: 9633792
                    Iteration time: 0.25s
                      Time elapsed: 00:00:26
                               ETA: 00:00:00

################################################################################
                      [1m Learning iteration 98/100 [0m                       

                       Computation: 386003 steps/s (collection: 0.200s, learning 0.054s)
             Mean action noise std: 0.68
          Mean value_function loss: 0.0006
               Mean surrogate loss: -0.0018
                 Mean entropy loss: 7.1719
                       Mean reward: -0.47
               Mean episode length: 360.00
Episode_Reward/end_effector_position_tracking: -0.0238
Episode_Reward/end_effector_position_tracking_fine_grained: 0.0293
Episode_Reward/end_effector_orientation_tracking: -0.0433
        Episode_Reward/action_rate: -0.0010
          Episode_Reward/joint_vel: -0.0023
            Curriculum/action_rate: -0.0001
              Curriculum/joint_vel: -0.0001
    Metrics/ee_pose/position_error: 0.0874
 Metrics/ee_pose/orientation_error: 0.3497
      Episode_Termination/time_out: 1.0000
--------------------------------------------------------------------------------
                   Total timesteps: 9732096
                    Iteration time: 0.25s
                      Time elapsed: 00:00:26
                               ETA: 00:00:00

################################################################################
                      [1m Learning iteration 99/100 [0m                       

                       Computation: 413523 steps/s (collection: 0.182s, learning 0.056s)
             Mean action noise std: 0.67
          Mean value_function loss: 0.0006
               Mean surrogate loss: -0.0042
                 Mean entropy loss: 7.1314
                       Mean reward: -0.49
               Mean episode length: 360.00
Episode_Reward/end_effector_position_tracking: -0.0241
Episode_Reward/end_effector_position_tracking_fine_grained: 0.0290
Episode_Reward/end_effector_orientation_tracking: -0.0442
        Episode_Reward/action_rate: -0.0010
          Episode_Reward/joint_vel: -0.0023
            Curriculum/action_rate: -0.0001
              Curriculum/joint_vel: -0.0001
    Metrics/ee_pose/position_error: 0.0919
 Metrics/ee_pose/orientation_error: 0.3623
      Episode_Termination/time_out: 1.0000
--------------------------------------------------------------------------------
                   Total timesteps: 9830400
                    Iteration time: 0.24s
                      Time elapsed: 00:00:26
                               ETA: 00:00:00

